id;counter_id;reading;consumption;perday;date;remark
1;1;19502,4004;;;2008-10-07 08:36:35;
2;2;39356,0586;;;2008-10-07 08:36:35;
3;1;19538,1992;36;24,2943927611;2008-10-08 19:58:29;
4;2;39360,9766;5;3,337537113;2008-10-08 19:58:29;
5;1;19571,3008;33;46,5158128944;2008-10-09 13:03:13;
6;2;39365,8516;5;6,850562748;2008-10-09 13:03:13;
7;1;19622,1992;51;48,5866000819;2008-10-10 14:11:44;
8;2;39375,3086;9;9,0274640652;2008-10-10 14:11:44;
9;1;19640,6992;19;50,9206753749;2008-10-10 22:54:54;
10;1;19652,3008;12;22,5147287796;2008-10-11 11:16:55;
11;2;39383,3008;8;9,0965219797;2008-10-11 11:16:55;
12;1;19764;112;105,282338926;2008-10-12 12:44:41;
13;2;39392,9609;10;9,1051495647;2008-10-12 12:44:41;
14;1;19803,0996;39;36,2896706414;2008-10-13 14:36:11;
15;2;39400;7;6,5332284886;2008-10-13 14:36:11;
16;1;19949,5;146;37,72170963;2008-10-17 11:44:55;
17;2;39432,5;33;8,3739905286;2008-10-17 11:44:55;
18;1;20006;57;49,4669855296;2008-10-18 15:09:39;
19;2;39447;15;12,6950670828;2008-10-18 15:09:39;
20;1;20132,3008;126;26,4842600472;2008-10-23 09:36:52;
21;2;39500,4297;53;11,2037775615;2008-10-23 09:36:52;
22;1;20194,6992;62;56,6638123264;2008-10-24 12:02:36;
23;2;39521,1914;21;18,8536416379;2008-10-24 12:02:36;
24;1;20278,6992;84;81,2821288175;2008-10-25 12:50:45;
25;2;39548,8984;28;26,8105231327;2008-10-25 12:50:45;
26;1;20330,9004;52;55,7832048682;2008-10-26 11:18:17;
27;2;39563,0586;14;15,1318616732;2008-10-26 11:18:17;
28;1;20369,3008;38;38,6036949212;2008-10-27 11:10:42;
29;2;39577,5508;14;14,5689229158;2008-10-27 11:10:42;
30;1;20402,8008;34;38,2978723404;2008-10-28 08:10:18;
31;2;39592,6406;15;17,2509622102;2008-10-28 08:10:18;
32;1;20425,4004;23;22,3479271629;2008-10-29 08:26:31;
33;2;39607,6016;15;14,7943918602;2008-10-29 08:26:31;
34;1;20445,5996;20;19,8744007653;2008-10-30 08:50:03;
35;2;39622,5586;15;14,7164943288;2008-10-30 08:50:03;
36;1;20480,4004;35;34,6823821444;2008-10-31 08:54:58;
37;2;39650,5;28;27,8463228561;2008-10-31 08:54:58;Am Do kleines NZ belegt
38;1;20526,0996;46;45,6041912682;2008-11-01 08:57:58;
39;2;39672,9219;22;22,3752848233;2008-11-01 08:57:58;
40;1;20571,6992;46;44,412691384;2008-11-02 09:36:27;
41;2;39704,8984;32;31,1441860464;2008-11-02 09:36:27;So hintere Haelfte Saal und kl NZ belegt
42;1;20633,5996;62;65,4221404546;2008-11-03 08:18:56;So Kombi Spuelmaschine
43;2;39722,9609;18;19,0901417755;2008-11-03 08:18:56;s o
44;1;20671;37;37,5037088274;2008-11-04 08:14:58;
45;2;39740,4805;18;17,5679933149;2008-11-04 08:14:58;Gymnastik
46;1;20700,5996;30;28,7620387783;2008-11-05 08:56:54;Bierkeller und Theke aus
47;2;39752,5781;12;11,7552818391;2008-11-05 08:56:54;
48;1;20726;25;25,2661734536;2008-11-06 09:04:33;Bierkeller und Theke aus
49;2;39763,5195;11;10,8835809761;2008-11-06 09:04:33;
50;3;2052;;;2008-11-06 09:17:22;
51;4;1804;;;2008-11-06 09:17:22;
52;1;20776,8008;51;51,2067796767;2008-11-07 08:53:08;Fr Grillplatte
53;2;39775,5508;12;12,1274493379;2008-11-07 08:53:08;
54;1;20822,9004;46;44,7830609398;2008-11-08 09:35:28;Fr Grillplatte
55;2;39794,1602;19;18,0779419833;2008-11-08 09:35:28;Fr Saal hinten MGV
56;1;20881,6992;59;61,4153497991;2008-11-09 08:34:07;Sa Grillplatte So Kombi
57;2;39815,5195;21;22,3097900121;2008-11-09 08:34:07;So Saal hinten gr NZ leicht Saaltoiletten
58;1;20991,3008;110;109,957945192;2008-11-10 08:29:27;Kombi Tellerwaermer Wasserbad Spuelmaschine
59;2;39843,2695;28;27,8402229445;2008-11-10 08:29:27;So siehe oben
60;1;21027;36;35,6872216502;2008-11-11 08:29:56;
61;2;39856,3516;13;13,0777104907;2008-11-11 08:29:56;
62;1;21048,1992;21;21,6382255721;2008-11-12 08:00:43;
63;2;39864,4688;8;8,2853034366;2008-11-12 08:00:43;
64;1;21073,1992;25;24,3330930066;2008-11-13 08:40:11;
65;2;39874,6602;10;9,9195313627;2008-11-13 08:40:11;
66;1;21123,9004;51;50,0683911672;2008-11-14 08:58:23;Do 1/2 Grillplatte
67;2;39890,4297;16;15,5726786449;2008-11-14 08:58:23;
68;1;21172,1992;48;47,9960471564;2008-11-15 09:07:28;Fr Kombi
69;2;39916,6602;26;26,0660785555;2008-11-15 09:07:28;Fr Saal hinten MGV
70;1;21240,5996;68;69,5842995406;2008-11-16 08:42:58;Sa So morgen Kombi
71;2;39937,3086;21;21,0057901801;2008-11-16 08:42:58;
72;1;21325,9004;85;83,6045185077;2008-11-17 09:12:11;Kombi Spuelmaschine
73;2;39960,8086;24;23,0326818146;2008-11-17 09:12:11;So kleines Nebenzimmer
74;1;21360,5996;35;33,8471451313;2008-11-18 09:48:26;
75;2;39980,6094;20;19,3145822185;2008-11-18 09:48:26;
76;1;21382,5;22;23,3872787274;2008-11-19 08:16:53;
77;2;39996,2109;16;16,6607289851;2008-11-19 08:16:53;
78;1;21406,3008;24;23,0544650605;2008-11-20 09:03:30;
79;2;40013,5117;17;16,7582891801;2008-11-20 09:03:30;
80;1;21463,9004;58;57,9274532946;2008-11-21 08:55:21;
81;2;40035,6992;22;22,3137898523;2008-11-21 08:55:21;
82;1;21676,6992;213;96,8158622471;2008-11-23 13:40:26;1.5 Tage Kombi. Tellerwaermer Wasserbad Spuelmaschine
83;2;40132,9102;97;44,2275369264;2008-11-23 13:40:26;Fr vordere Hlfte Saal Sa Saal kl NZ 25 C Heizung
84;1;21716;39;44,9812438899;2008-11-24 10:38:35;
85;2;40156,6992;24;27,2274053174;2008-11-24 10:38:35;
86;1;21758,5;43;44,4956073917;2008-11-25 09:34:00;
87;2;40191,6992;35;36,6434413814;2008-11-25 09:34:00;
88;1;21789,9004;31;32,1875800538;2008-11-26 08:58:47;
89;2;40219,6602;28;28,6619573599;2008-11-26 08:58:47;
90;3;2068;16;0,800516537;2008-11-26 08:58:47;
91;4;1809;5;0,2501614178;2008-11-26 08:58:47;
92;1;21819,5;30;29,5012624585;2008-11-27 09:03:35;
93;2;40248,2812;29;28,5259136212;2008-11-27 09:03:35;
94;1;21889,0996;70;66,1933980581;2008-11-28 10:17:41;
95;2;40281,2305;33;31,3367624331;2008-11-28 10:17:41;
96;1;21957,5;68;67,5961312164;2008-11-29 10:34:49;
97;2;40324,6211;43;42,8804026169;2008-11-29 10:34:49;Fr Saal MGV
98;1;22095,6992;138;134,693125473;2008-11-30 11:12:18;
99;2;40372,1406;48;46,2403964411;2008-11-30 11:14:39;Sa gr NZ. kl NZ
100;1;22173,1992;78;69,2744596986;2008-12-01 14:03:17;
101;2;40422,0391;50;44,6676309084;2008-12-01 14:03:17;kl NZ über Nacht beheizt
102;1;22214,5;41;51,6521548815;2008-12-02 09:14:42;
103;2;40445,5312;23;29,3800020264;2008-12-02 09:14:42;
104;1;22244;30;29,95557436;2008-12-03 08:52:48;
105;2;40470,1289;25;24,9775671673;2008-12-03 08:52:48;
106;1;22297,5996;54;50,7869215334;2008-12-04 10:12:33;
107;2;40505,0586;35;33,0967382795;2008-12-04 10:12:33;
108;1;22363,0996;66;70,2255974983;2008-12-05 08:35:39;
109;2;40536,2383;31;33,4292070583;2008-12-05 08:35:39;
110;1;22492,6992;130;130,3448587989;2008-12-06 08:27:25;
111;2;40579,7305;43;43,7423006541;2008-12-06 08:27:25;Fr Saal MGV. kl NZ
112;1;22614,3008;122;119,8742454219;2008-12-07 08:48:10;
113;2;40616,8008;37;36,5437152148;2008-12-07 08:48:10;Sa gr NZ geheizt
114;1;22705,3008;91;90,4129437337;2008-12-08 08:57:31;
115;2;40645,9297;29;28,9409845794;2008-12-08 08:57:31;So kl NZ geheizt
116;1;22757;52;50,7476809814;2008-12-09 09:24:31;
117;2;40679,5508;34;33,0023067484;2008-12-09 09:24:31;Mo gr NZ Saal Gymn
118;1;22856,4004;99;50,2592174533;2008-12-11 08:52:29;
119;2;40726,8086;47;23,8946729245;2008-12-11 08:52:29;Mi kl NZ
120;1;22980,5996;124;60,8861060803;2008-12-13 09:49:53;Do Kombi Fr Grillplatte
121;2;40796,6016;70;34,2145843263;2008-12-13 09:49:53;Do kl NZ. Fr Saal MGV
122;1;23078,0996;98;95,5969133003;2008-12-14 10:18:33;Sa Kombi Friteuse
123;2;40838,0508;41;40,6401597822;2008-12-14 10:18:33;
124;1;23111,3008;33;34,6874613653;2008-12-15 09:16:51;
125;2;40869,5;31;32,8570325763;2008-12-15 09:16:51;
126;1;23170,0996;59;59,0585482447;2008-12-16 09:10:31;
127;2;40905;36;35,6568239945;2008-12-16 09:10:31;
128;1;23205,0996;35;35,4309950907;2008-12-17 08:53:00;
129;2;40930,6289;26;25,9444980023;2008-12-17 08:53:00;
130;3;2084;16;0,7620505024;2008-12-17 08:53:00;
131;4;1813,5;5;0,2143267038;2008-12-17 08:53:00;
132;1;23238,6992;34;34,6044920194;2008-12-18 08:11:11;
133;2;40956,9102;26;27,0673173523;2008-12-18 08:11:11;
134;1;23317,1992;79;73,7658382729;2008-12-19 09:43:36;
135;2;40989,7383;33;30,8483097504;2008-12-19 09:43:36;
136;1;23432,0996;115;117,6970675893;2008-12-20 09:09:23;
137;2;41020,3984;31;31,4063646601;2008-12-20 09:09:23;
138;1;23580;148;137,6766350631;2008-12-21 10:56:19;
139;2;41065,7109;45;42,180227547;2008-12-21 10:56:19;
140;1;23627,5996;48;48,6020165924;2008-12-22 10:26:37;
141;2;41089,7812;24;24,5772048501;2008-12-22 10:26:37;
142;1;23699,0996;72;77,6988189714;2008-12-23 08:31:44;
143;2;41119,7188;30;32,5330931866;2008-12-23 08:31:44;
144;1;23795,6992;z;#WERT!;2008-12-24 10:14:23;
145;2;41153,3516;34;31,3948283799;2008-12-24 10:14:23;
146;1;24041,5996;246;120,3645902827;2008-12-26 11:16:15;
147;2;41248;95;46,3289847715;2008-12-26 11:16:15;Do Saal Brunch
148;1;24079,4004;38;43,5093935843;2008-12-27 08:07:19;
149;2;41272;24;27,6244271556;2008-12-27 08:07:19;
150;1;24132,8008;53;51,3694058964;2008-12-28 09:04:15;
151;2;41315;43;41,3645675603;2008-12-28 09:04:15;
152;1;24187,5;55;55,1775330117;2008-12-29 08:51:46;So Kombidämpfer 
153;2;41358,6797;44;44,0616697994;2008-12-29 08:51:46;
154;1;24253,9004;66;59,1400059792;2008-12-30 11:48:33;Mo Vorbereitung Partyservice
155;2;41410,9883;52;46,5890403788;2008-12-30 11:48:33;
156;3;2097;13;0,9907094528;2008-12-30 11:48:33;
157;4;1817;4;0,266729468;2008-12-30 11:48:33;
158;1;24292;38;43,2148588082;2008-12-31 08:58:06;
159;2;41455,3594;44;50,3283714702;2008-12-31 08:58:06;
160;1;24348,1992;56;54,0425037841;2009-01-01 09:55:34;MI Partyservice
161;2;41504;49;46,7739720416;2009-01-01 09:55:34;
162;1;24386,6992;39;40,4052182785;2009-01-02 08:47:40;
163;2;41543,8594;40;41,8318898039;2009-01-02 08:47:40;
164;1;24440,6992;54;52,9075569263;2009-01-03 09:17:24;Fr Brotbackautomat
165;2;41590,4414;47;45,6396262359;2009-01-03 09:17:24;
166;1;24489,3008;49;50,2955831837;2009-01-04 08:28:54;
167;2;41641,3789;51;52,7128997485;2009-01-04 08:28:54;
168;1;24531,0996;42;40,0529725175;2009-01-05 09:31:40;
169;2;41689,7617;48;46,3619759113;2009-01-05 09:31:40;
170;1;24576,9004;46;47,223517787;2009-01-06 08:48:17;
171;2;41738,3008;49;50,0468780505;2009-01-06 08:48:17;
172;1;24608,9004;32;32,2444457402;2009-01-07 08:37:22;
173;2;41798,6992;60;60,8597791123;2009-01-07 08:37:22;
174;1;24638;29;29,2325675817;2009-01-08 08:30:49;
175;2;41860,3008;62;61,8830820748;2009-01-08 08:30:49;
176;1;24693;55;54,5016630348;2009-01-09 08:43:59;
177;2;41927,1719;67;66,2652028904;2009-01-09 08:43:59;
178;1;24757,1992;64;28,0252366083;2009-01-11 15:42:41;
179;2;42056,3008;129;56,369362476;2009-01-11 15:42:41;
180;1;24778,1992;21;30,7640137;2009-01-12 08:05:39;
181;2;42098,5;42;61,8198460442;2009-01-12 08:05:39;
182;1;24816,5996;38;36,324759517;2009-01-13 09:27:56;
183;2;42156,4414;58;54,8095181581;2009-01-13 09:27:56;
184;3;2148;51;3,6684446657;2009-01-13 09:27:56;
185;1;24847,4004;31;30,9063250684;2009-01-14 09:23:01;
186;2;42204,8984;48;48,6230160853;2009-01-14 09:23:01;
187;1;24876,4004;29;30,4858314373;2009-01-15 08:12:50;
188;2;42248,2383;43;45,5604443417;2009-01-15 08:12:50;
189;1;24949,8008;73;73,0091587902;2009-01-16 08:20:33;
190;2;42305,8008;58;57,2556784821;2009-01-16 08:20:33;
191;1;25021,0996;71;67,6166656054;2009-01-17 09:38:58;
192;2;42365,7109;60;56,8161203005;2009-01-17 09:38:58;
193;3;2150;2;0,4990440765;2009-01-17 09:38:58;
194;1;25096,8008;76;79,0670399656;2009-01-18 08:37:40;
195;2;42407,8594;42;44,0225139627;2009-01-18 08:37:40;
196;1;25166,6992;70;66,6411590875;2009-01-19 09:48:03;
197;2;42455,9297;48;45,830240888;2009-01-19 09:48:03;
198;1;25210,3008;44;47,7117702039;2009-01-20 07:44:00;
199;2;42487,8008;32;34,8754770317;2009-01-20 07:44:00;
200;1;25255,9004;46;43,0307066559;2009-01-21 09:09:58;
201;2;42522,3008;35;32,5564123288;2009-01-21 09:09:58;
202;1;25321,9004;66;68,9061820291;2009-01-22 08:09:14;
203;2;42553,8594;32;32,9482217604;2009-01-22 08:09:14;
204;1;25570,0996;248;123,7386954718;2009-01-24 08:17:38;
205;2;42657,75;104;51,7942334858;2009-01-24 08:17:38;
206;1;25786,3008;216;162,968572176;2009-01-25 16:08:00;
207;2;42720,8281;63;47,5471361518;2009-01-25 16:08:00;
208;1;25842,1992;56;82,5223709529;2009-01-26 08:23:25;
209;2;42742,25;21;31,6249835114;2009-01-26 08:23:25;
210;1;25945,3008;103;100,9940505422;2009-01-27 08:53:28;
211;2;42775,6992;33;32,7654487942;2009-01-27 08:53:28;
212;1;26022,1992;77;80,7548163455;2009-01-28 07:44:42;
213;2;42796,0586;20;21,3804137395;2009-01-28 07:44:42;
214;1;26328;306;99,104978732;2009-01-31 09:48:00;
215;2;42901,8984;106;34,3009276889;2009-01-31 09:48:00;
216;1;26425,5996;98;103,6175744022;2009-02-01 08:24:22;
217;2;42943;41;43,6359175247;2009-02-01 08:24:22;
218;1;26577,6992;152;151,5435893771;2009-02-02 08:29:39;
219;2;42977,7617;35;34,6346261979;2009-02-02 08:29:39;
220;1;26678,3008;101;99,2518211819;2009-02-03 08:49:14;
221;2;43042,8203;65;64,1857041393;2009-02-03 08:49:14;
222;1;26833;155;79,1994197814;2009-02-05 07:41:58;
223;2;43106,4297;64;32,5653110853;2009-02-05 07:41:58;
224;1;26969;136;111,6703413672;2009-02-06 12:55:42;
225;2;43159,8984;53;43,9034410401;2009-02-06 12:55:42;
226;1;27182,5996;214;98,1586571068;2009-02-08 17:09:14;
227;2;43239;79;36,3507554836;2009-02-08 17:09:14;
228;1;27336,5;154;95,364075907;2009-02-10 07:53:08;
229;2;43294,6406;56;34,4775868153;2009-02-10 07:53:08;
230;1;27412,5996;76;76,670189489;2009-02-11 07:42:25;
231;2;43324,6016;30;30,1856454867;2009-02-11 07:42:25;
232;1;27629,5;217;71,991834966;2009-02-14 08:00:55;
233;2;43456;131;43,6126993201;2009-02-14 08:00:55;
234;1;27969,5996;340;85,5484386217;2009-02-18 07:25:40;
235;2;43643,4688;187;47,1557835713;2009-02-18 07:25:40;
236;1;27997,1992;28;23,4968906056;2009-02-19 11:37:06;
237;2;43685,7695;42;36,0126567212;2009-02-19 11:37:06;
238;3;2173;23;0,6952413473;2009-02-19 11:37:06;
239;1;28216,5996;219;75,739646877;2009-02-22 09:08:27;
240;2;43800,1289;114;39,4782351038;2009-02-22 09:08:27;
241;1;28272,5;56;55,8906967538;2009-02-23 09:08:42;
242;1;0;;;2011-12-23 09:08:42;
243;2;43831,6367;32;31,5023308452;2009-02-23 09:08:42;
244;2;0;;;2012-02-23 09:08:43;
245;3;0;;;2009-02-19 11:37:07;
246;4;0;;;2008-12-30 11:48:34;
247;3;2248;2248;19,1784062824;2009-06-16 16:46:57;
248;3;0;;;2009-06-16 16:46:57;
249;4;1847;1847;10,9805043011;2009-06-16 16:46:57;
250;1;16437,0996;16437;41,7185759243;2013-01-20 09:08:02;
251;2;9877,8203;1205;60,241015;2013-01-20 09:08:02;
252;3;828;828;0,6302898542;2013-01-20 09:08:02;
253;1;16468,5996;32;27,0878743543;2013-01-21 13:02:35;60Grad Wäsche mit Trockner
254;2;9936,5996;59;50,5462315249;2013-01-21 13:02:35;
255;3;829;1;0,8599325192;2013-01-21 13:02:35;
256;1;16492,5;24;27,2146677563;2013-01-22 10:07:13;
257;2;9980,1504;44;49,5899881391;2013-01-22 10:07:13;
258;1;16515,9004;23;24,4437876002;2013-01-23 09:05:45;
259;2;10027,7197;48;49,6903414254;2013-01-23 09:05:45;
260;1;16583,6992;68;69,8898326077;2013-01-24 08:22:40;
261;2;10083,5195;56;57,5207626321;2013-01-24 08:22:40;
262;1;16763,8008;180;85,6941831099;2013-01-26 10:49:05;
263;2;10231,3398;148;70,3344104415;2013-01-26 10:49:05;
264;3;833;4;0,815113564;2013-01-26 10:49:05;
265;1;16819,8008;56;59,7045866803;2013-01-27 09:19:44;
266;2;10283,79;52;55,9199555767;2013-01-27 09:19:44;
267;1;16878,5;59;62,3048019657;2013-01-28 07:56:24;
268;2;10333,1299;49;52,3706063883;2013-01-28 07:56:24;
269;1;16917,8008;39;38,6090544414;2013-01-29 08:22:12;
270;2;10384,1396;51;50,1118624643;2013-01-29 08:22:12;
271;3;836;3;1,0351975142;2013-01-29 08:22:12;
272;1;16949,1992;31;31,8081508319;2013-01-30 08:03:39;
273;2;10413,3096;29;29,5506700904;2013-01-30 08:03:39;
274;1;16997,3008;48;46,7857507597;2013-01-31 08:44:09;
275;2;10448,3496;35;34,0814589664;2013-01-31 08:44:09;
276;1;17041;44;37,6675899637;2013-02-01 12:34:44;
277;2;10481,4697;33;28,5486770091;2013-02-01 12:34:44;
278;3;838;2;0,6298477868;2013-02-01 12:34:44;
279;4;2171;324;0,2443761709;2013-02-01 12:34:44;
280;26;11929,5996;;-0;2013-02-01 12:34:44;
281;28;6801;;;2013-02-01 12:34:44;
282;1;17070,0996;29;34,1015562818;2013-02-02 09:03:31;
283;2;10512,1904;31;36,0013086113;2013-02-02 09:03:31;
284;1;17104,4004;34;35,7588850948;2013-02-03 08:04:48;
285;2;10547,29;35;36,5916411067;2013-02-03 08:04:48;
286;26;11948,5;19;10,4275405481;2013-02-03 08:04:48;
287;28;6811,6001;11;5,8481816556;2013-02-03 08:04:48;
288;1;17150,5;46;44,9209451092;2013-02-04 08:42:35;
289;2;10578,9902;32;30,8897028207;2013-02-04 08:42:35;
290;1;17178,1992;28;28,6142601959;2013-02-05 07:56:32;
291;2;10605,7002;27;27,5923813624;2013-02-05 07:56:32;
292;1;17206,5;28;24,8381240287;2013-02-06 11:17:17;
293;2;10642,0498;36;31,9021325613;2013-02-06 11:17:17;
294;1;17240,9004;34;39,3345141738;2013-02-07 08:16:39;
295;2;10678,2002;36;41,3355199704;2013-02-07 08:16:39;
296;1;17314,5996;74;63,5458398282;2013-02-08 12:06:44;
297;2;10730,4902;52;45,0861334264;2013-02-08 12:06:44;
298;26;11980,2998;32;6,1532010499;2013-02-08 12:06:44;
299;28;6820,1001;9;1,6447338953;2013-02-08 12:06:44;
300;1;17349,6992;35;40,8036037782;2013-02-09 08:45:26;
301;2;10774,5195;44;51,1844611287;2013-02-09 08:45:26;
302;1;17486,8008;137;69,6225357941;2013-02-11 08:01:06;
303;2;10872,4502;98;49,7308832726;2013-02-11 08:01:06;
304;26;12028,2998;48;16,9645998151;2013-02-11 08:01:06;
305;28;6848,3999;28;10,0019746218;2013-02-11 08:01:06;
306;1;17514;27;27,3079260017;2013-02-12 07:55:22;
307;2;10923,9199;51;51,6754448266;2013-02-12 07:55:22;
308;1;17536,9004;23;22,5781904076;2013-02-13 08:15:55;
309;2;10963,7002;40;39,2205895038;2013-02-13 08:15:55;
310;1;17568,5;32;31,8885903501;2013-02-14 08:02:52;
311;2;11011,8096;48;48,5493787449;2013-02-14 08:02:52;
312;1;17629,6992;61;60,7953052639;2013-02-15 08:12:26;
313;2;11065,5898;54;53,4252682413;2013-02-15 08:12:26;
314;1;17662,1992;33;29,4738167962;2013-02-16 10:40:17;
315;2;11118,5;53;47,9835551215;2013-02-16 10:40:17;
316;26;12135,7002;107;21,0154536169;2013-02-16 10:40:17;
317;28;6886,2002;38;7,3965315898;2013-02-16 10:40:17;
318;1;17690,9004;29;30,0405058876;2013-02-17 09:36:05;
319;2;11155,9902;37;39,2396336678;2013-02-17 09:36:05;
320;1;17728,8008;38;38,1285534973;2013-02-18 09:27:28;
321;2;11199,2002;43;43,4701163211;2013-02-18 09:27:28;
322;26;12152,5;17;8,6177884119;2013-02-18 09:27:28;
323;28;6890;4;1,9491822764;2013-02-18 09:27:28;
324;1;17748,0996;19;20,9592900508;2013-02-19 07:33:23;
325;2;11228,9404;30;32,2990796303;2013-02-19 07:33:23;
326;1;17780,8008;33;32,4041618498;2013-02-20 07:46:35;
327;2;11260,2998;31;31,0745499588;2013-02-20 07:46:35;
328;26;12158,7998;6;3,2642429549;2013-02-20 07:46:35;
329;28;6891,3999;1;0,7253585372;2013-02-20 07:46:35;
330;3;851;13;0,6914761649;2013-02-20 07:47:15;
331;1;17805,0996;24;23,3491594191;2013-02-21 08:45:09;
332;2;11302,9404;43;40,9741290567;2013-02-21 08:45:09;
333;1;17841,3008;36;34,1420100205;2013-02-22 10:12:00;
334;2;11349,7002;47;44,1000176832;2013-02-22 10:12:00;
335;1;17863,5996;22;22,4599710889;2013-02-23 10:01:40;
336;2;11401,4199;52;52,0935192355;2013-02-23 10:01:40;
337;1;17913;49;44,7784737405;2013-02-24 12:30:18;
338;2;11454,7305;53;48,3228334627;2013-02-24 12:30:18;
339;26;12220,7998;62;14,7723668934;2013-02-24 12:30:18;
340;28;6916,2998;25;5,9327493292;2013-02-24 12:30:18;
341;1;17930,5;18;21,0905134535;2013-02-25 08:25:09;
342;2;11486,2002;31;37,9264074987;2013-02-25 08:25:09;
343;1;17953,4004;23;23,3509324586;2013-02-26 07:57:22;
344;2;11519,8799;34;34,3422996946;2013-02-26 07:57:22;
345;1;17953,4004;0;0;2013-02-26 20:09:20;
346;2;11519,8799;0;0;2013-02-26 20:09:20;
347;1;17975,5996;22;41,6723347668;2013-02-27 08:56:26;
348;2;11555,1104;35;66,134689088;2013-02-27 08:56:26;
349;1;18004,0996;29;29,8889360927;2013-02-28 07:49:31;
350;2;11593,29;38;40,0402675244;2013-02-28 07:49:31;
351;1;18036,0996;32;30,9016329314;2013-03-01 08:40:42;
352;2;11634,0996;41;39,4088524773;2013-03-01 08:40:42;
353;26;12248,7002;28;5,7638838517;2013-03-01 08:40:42;
354;1;18062,0996;26;26,1912812323;2013-03-02 08:30:11;
355;2;11678,5801;44;44,8077417251;2013-03-02 08:30:11;
356;26;12254,2998;6;5,6407960919;2013-03-02 08:30:11;
357;28;6920,2002;4;0,6686492868;2013-03-02 08:30:11;
358;1;18087,5996;26;24,9747781039;2013-03-03 09:00:28;
359;2;11714,46;36;35,1408839564;2013-03-03 09:00:28;
360;26;12311,2002;57;55,7284260401;2013-03-03 09:00:28;
361;28;6961,1001;41;40,0574873322;2013-03-03 09:00:28;
362;1;18087,5996;0;0;2013-03-03 09:00:44;
363;2;11714,46;0;0;2013-03-03 09:00:44;
364;3;857;6;0,5429358123;2013-03-03 09:00:44;
365;26;12311,2002;0;0;2013-03-03 09:00:44;
366;28;6961,1001;0;0;2013-03-03 09:00:44;
367;1;18110;22;22,5649359916;2013-03-04 08:50:14;
368;2;11744,5703;30;30,3314669465;2013-03-04 08:50:14;
369;1;18124,0996;14;14,6679843953;2013-03-05 07:54:26;
370;2;11771,0801;27;27,5784655397;2013-03-05 07:54:26;
371;1;18141;17;16,9080320979;2013-03-06 07:53:47;
372;2;11797,5596;26;26,4914579499;2013-03-06 07:53:47;
373;26;12437;126;42,5933652321;2013-03-06 07:53:47;
374;28;7054,7998;94;31,7248957807;2013-03-06 07:53:47;
375;1;18158,5996;18;17,3833145469;2013-03-07 08:11:42;
376;2;11826,1602;29;28,2491207772;2013-03-07 08:11:42;
377;1;18198,1992;40;39,9659545838;2013-03-08 07:58:30;
378;2;11853,7695;28;27,8647266612;2013-03-08 07:58:30;
379;26;12503,5996;67;33,2453530387;2013-03-08 07:58:30;
380;28;7099,7002;45;22,4134927173;2013-03-08 07:58:30;
381;1;18244,5996;46;46,615673771;2013-03-09 07:51:51;
382;2;11900,9004;47;47,3495629118;2013-03-09 07:51:51;
383;26;12527,4004;24;23,9112233578;2013-03-09 07:51:51;
384;28;7111,2998;12;11,653416123;2013-03-09 07:51:51;
385;1;18287,8008;43;42,5831528512;2013-03-10 08:12:45;
386;2;11941,4102;41;39,9302566913;2013-03-10 08:12:45;
387;1;18358,5996;71;70,9968351534;2013-03-11 08:08:44;
388;2;11968,6396;27;27,3055648277;2013-03-11 08:08:44;
389;1;18381,1992;23;22,7478294908;2013-03-12 07:59:21;
390;2;12005,25;37;36,850525531;2013-03-12 07:59:21;
391;1;18444,8008;64;29,7793217363;2013-03-14 11:14:51;
392;2;12105,5303;100;46,9528961145;2013-03-14 11:14:51;
393;26;12589,2002;62;12,021033635;2013-03-14 11:14:51;
394;28;7143,8999;33;6,3412324733;2013-03-14 11:14:51;
395;1;18530,6992;86;30,0351348858;2013-03-17 07:53:09;
396;2;12241,0996;136;47,4030041522;2013-03-17 07:53:09;
397;26;12743,2002;154;53,8474613312;2013-03-17 07:53:09;
398;28;7244,8999;101;35,3155428211;2013-03-17 07:53:09;
399;1;18619,4004;89;88,9327958222;2013-03-18 07:49:24;
400;2;12294,4404;53;53,4800710181;2013-03-18 07:49:24;
401;1;18661;42;20,3339317376;2013-03-20 08:55:23;
402;2;12350,4297;56;27,3676334444;2013-03-20 08:55:23;
403;1;18691,0996;30;27,8750784072;2013-03-21 10:50:18;
404;2;12386,3203;36;33,2380925023;2013-03-21 10:50:18;
405;1;18723,1992;32;35,8752175095;2013-03-22 08:18:45;
406;4;2264,6001;94;1,9171613571;2013-03-22 08:18:45;
407;26;12807,7002;65;12,854295837;2013-03-22 08:18:45;
408;1;18853,5996;130;64,3162241187;2013-03-24 08:58:20;
409;2;12528,2998;142;48,5857558163;2013-03-24 08:58:20;
410;26;12896,2002;89;43,6500642215;2013-03-24 08:58:20;
411;28;7319,1001;74;10,5319228337;2013-03-24 08:58:20;
412;1;18868,4004;15;15,6493804075;2013-03-25 07:40:15;
413;2;12565,2998;37;39,121336352;2013-03-25 07:40:15;
414;3;872;15;0,683554759;2013-03-25 07:40:15;
415;26;12958,9004;63;66,2950165821;2013-03-25 07:40:15;
416;28;7368;49;51,7034982562;2013-03-25 07:40:15;
417;1;18881;13;13,1353520922;2013-03-26 06:41:31;
418;2;12602,04;37;38,3024431679;2013-03-26 06:41:31;
419;26;13025,2998;66;69,2227926055;2013-03-26 06:41:31;
420;28;7419,7002;52;53,8985626717;2013-03-26 06:41:31;
421;1;18897,9004;17;16,4029943834;2013-03-27 07:25:11;
422;2;12644,3604;42;41,0748434062;2013-03-27 07:25:11;
423;26;13089,0996;64;61,9220705463;2013-03-27 07:25:11;
424;28;7471,2002;52;49,9842731973;2013-03-27 07:25:11;
425;1;18913,5;16;15,839390777;2013-03-28 07:03:23;
426;2;12684,7998;40;41,0610181919;2013-03-28 07:03:23;
427;26;13145,0996;56;56,8608094765;2013-03-28 07:03:23;
428;28;7513,8999;43;43,3560626144;2013-03-28 07:03:23;
429;1;18975,1992;62;30,7954228672;2013-03-30 07:08:27;
430;2;12764,2402;79;39,6504445882;2013-03-30 07:08:27;
431;26;13189,2002;44;22,0115759312;2013-03-30 07:08:27;
432;28;7532;18;9,0341565764;2013-03-30 07:08:27;
433;1;19015,6992;41;38,1492302997;2013-03-31 08:37:11;
434;2;12801,2002;37;34,8147049846;2013-03-31 08:37:11;
435;26;13216,0996;27;25,3380593956;2013-03-31 08:37:11;
436;28;7541,7998;10;9,230983385;2013-03-31 08:37:11;
437;1;19072;56;28,7966583394;2013-04-02 07:32:33;
438;2;12879,4004;78;39,9977343389;2013-04-02 07:32:33;
439;26;13308,5;92;47,2608337576;2013-04-02 07:32:33;
440;28;7581,6001;40;20,3570045346;2013-04-02 07:32:33;
441;1;19087,5;16;15,4878105195;2013-04-03 07:33:41;
442;2;12909,3799;30;29,9559235786;2013-04-03 07:33:41;
443;26;13351,0996;43;42,5660989036;2013-04-03 07:33:41;
444;28;7611,6001;30;29,976407457;2013-04-03 07:33:41;
445;1;19109,0996;22;21,326599776;2013-04-04 07:52:07;
446;2;12946,9004;38;37,0462733983;2013-04-04 07:52:07;
447;26;13366,7002;16;15,4034219368;2013-04-04 07:52:07;
448;28;7617,2002;6;5,5293195895;2013-04-04 07:52:07;
449;30;1575,2;;;2013-04-04 07:52:54;
450;1;19169,6992;61;29,3872312339;2013-04-06 09:21:33;
451;2;13025,54;79;38,1355670555;2013-04-06 09:21:33;
452;1;19199;29;31,4925189396;2013-04-07 07:41:20;
453;2;13061,2197;36;38,3485648177;2013-04-07 07:41:20;
454;1;19221,3008;22;21,9199908988;2013-04-08 08:06:21;
455;2;13090,5098;29;28,7899414113;2013-04-08 08:06:21;
456;26;13482,0996;115;28,7787358784;2013-04-08 08:06:21;
457;28;7683,8999;67;16,6338217484;2013-04-08 08:06:21;
458;1;19304,5;83;27,494610324;2013-04-11 08:43:49;
459;2;13165,6504;75;24,8315069918;2013-04-11 08:43:49;
460;26;13570,4004;88;29,1805220159;2013-04-11 08:43:49;
461;28;7730,2998;46;15,3336470732;2013-04-11 08:43:49;
462;1;19660,4004;356;39,6704998645;2013-04-20 08:02:39;
463;2;13304,8096;139;15,5114043838;2013-04-20 08:02:39;
464;26;13975,5996;405;45,165599164;2013-04-20 08:02:39;
465;28;7942,3999;212;23,6417744636;2013-04-20 08:02:39;
466;1;19754,6992;94;23,5156387314;2013-04-24 08:17:07;
467;2;13352,9004;48;11,9925797476;2013-04-24 08:17:07;
468;26;14162,4004;187;46,5832028355;2013-04-24 08:17:07;
469;28;8040,1001;98;24,363858365;2013-04-24 08:17:07;
470;1;19902,1992;148;24,6316558526;2013-04-30 08:00:10;
471;2;13414,1299;61;10,2249760816;2013-04-30 08:00:10;
472;26;14433,0996;271;45,2052171795;2013-04-30 08:00:10;
473;28;8222,9004;183;30,5266039279;2013-04-30 08:00:10;
474;1;19920,6992;19;18,4353482579;2013-05-01 08:05:13;
475;2;13424,0098;10;9,8453728245;2013-05-01 08:05:13;
476;26;14462,2998;29;29,0981543892;2013-05-01 08:05:13;
477;28;8241;18;18,0363475313;2013-05-01 08:05:13;
478;1;20061,1992;141;33,6606263951;2013-05-05 12:15:48;
479;2;13478,2598;54;12,9970746045;2013-05-05 12:15:48;
480;26;14717,9004;256;61,2361302702;2013-05-05 12:15:48;
481;28;8298,7002;58;13,8236645916;2013-05-05 12:15:48;
482;1;20163,3008;102;13,0436325193;2013-05-13 08:07:41;
483;2;13528;50;6,3543851442;2013-05-13 08:07:41;
484;26;14975,7998;258;32,9470351154;2013-05-13 08:07:41;
485;28;8557,9004;259;33,1132142662;2013-05-13 08:07:41;
486;1;20190,0996;27;13,9589705377;2013-05-15 06:12:14;
487;2;13546,2402;18;9,5009632671;2013-05-15 06:12:14;
488;26;15034;58;30,3153453546;2013-05-15 06:12:14;
489;28;8593,2998;35;18,4388547865;2013-05-15 06:12:14;
490;30;1884,5;309;7,5567872049;2013-05-15 06:12:14;
491;1;20220,5;30;14,5688817891;2013-05-17 08:17:02;
492;2;13559,4404;13;6,3259744409;2013-05-17 08:17:02;
493;26;15117,7998;84;40,1596485622;2013-05-17 08:17:02;
494;28;8651,5;58;27,8914696485;2013-05-17 08:17:02;
495;30;1898,8;14;6,8530351438;2013-05-17 08:17:02;
496;1;20268,3008;48;11,9443591531;2013-05-21 08:19:51;
497;2;13578,6201;19;4,7925814055;2013-05-21 08:19:51;
498;26;15271,7998;154;38,4811825236;2013-05-21 08:19:51;
499;28;8770,0996;119;29,6354081482;2013-05-21 08:19:51;
500;30;1913,1;14;3,5732526629;2013-05-21 08:19:51;
501;1;20292,5996;24;12,2406380895;2013-05-23 07:58:23;
502;2;13600,6797;22;11,1126302533;2013-05-23 07:58:23;
503;26;15325,2998;54;26,9508839032;2013-05-23 07:58:23;
504;28;8799,2998;29;14,7097420589;2013-05-23 07:58:23;
505;30;1925,6;13;6,2969354914;2013-05-23 07:58:23;
506;1;20456,0996;164;40,551852426;2013-05-27 08:44:17;
507;2;13674,5;74;18,3091737715;2013-05-27 08:44:17;
508;26;15451,0996;126;31,2013145249;2013-05-27 08:44:17;
509;28;8862,2998;63;15,625484421;2013-05-27 08:44:17;
510;30;1956;30;7,539916292;2013-05-27 08:44:17;
511;1;21510,1992;1054;23,8374338108;2013-07-10 14:01:35;
512;2;13915,5801;241;5,4517912035;2013-07-10 14:01:35;
513;26;17637,9004;2187;49,4523661022;2013-07-10 14:01:35;
514;28;10185,7002;1323;29,9274086056;2013-07-10 14:01:35;
515;30;2227,7;272;6,1442303615;2013-07-10 14:01:35;
516;1;21910,6992;401;17,5456601324;2013-08-02 09:51:15;
517;2;13975,9004;60;2,6425954629;2013-08-02 09:51:15;
518;26;18907,8008;1270;55,633560101;2013-08-02 09:51:15;
519;28;11066,2002;881;38,5741666582;2013-08-02 09:51:15;
520;30;2379,3999;152;6,645879869;2013-08-02 09:51:15;
521;2;8673;8673;27,7981192027;2012-12-31 09:08:02;Anbieterwechsel
522;26;19897;989;47,0611227583;2013-08-23 10:19:16;
523;28;11835;769;36,5756278052;2013-08-23 10:19:16;
524;1;22482,8008;572;18,2665708701;2013-09-02 17:31:28;
525;2;14059,0801;83;2,6558357554;2013-09-02 17:31:28;
526;26;20289,1992;392;38,077078788;2013-09-02 17:31:28;
527;28;12070,7998;236;22,8928757703;2013-09-02 17:31:28;
528;1;22950,6992;468;31,0295791562;2013-09-17 19:25:23;
529;2;14125,9902;67;4,4372715194;2013-09-17 19:25:23;
530;26;20762,4004;473;31,3812445014;2013-09-17 19:25:23;
531;28;12350;279;18,5156963698;2013-09-17 19:25:23;
532;30;2705;326;7,0174395836;2013-09-17 19:25:23;
533;1;23139,3008;189;20,6143609997;2013-09-26 23:00:00;
534;2;14176,1201;50;5,4792528562;2013-09-26 23:00:00;
535;26;20965,8008;203;22,2318860131;2013-09-26 23:00:00;
536;28;12458,7998;109;11,8919370456;2013-09-26 23:00:00;
537;30;2763,3;58;6,3722537152;2013-09-26 23:00:00;
538;1;23263,4004;124;46,571712809;2013-09-29 14:57:10;
539;2;14208,3408;32;12,0916843157;2013-09-29 14:57:10;
540;26;21120,5;155;58,0550357469;2013-09-29 14:57:10;
541;28;12543,5996;85;31,8234058116;2013-09-29 14:57:10;
542;30;2763,3;0;0;2013-09-29 14:57:10;
543;2;14270,1104;62;12,1322536162;2013-10-04 17:08:43;
544;26;21390,8008;270;53,0901585613;2013-10-04 17:08:43;
545;28;12716,5;173;33,9596096323;2013-10-04 17:08:43;
546;1;24059,9004;797;25,6258957926;2013-10-30 16:55:01;
547;2;14565,2998;295;11,3575944189;2013-10-30 16:55:01;
548;26;21828,4004;438;16,8369147899;2013-10-30 16:55:01;
549;28;12962,5996;246;9,4688340552;2013-10-30 16:55:01;
550;1;24111,5996;52;29,1685334797;2013-11-01 11:27:19;
551;2;14595,5996;30;17,0950562238;2013-11-01 11:27:19;
552;26;21868;40;22,3419754731;2013-11-01 11:27:19;
553;28;12991,7002;29;16,4184711829;2013-11-01 11:27:19;
554;30;3038;275;8,3611656272;2013-11-01 11:27:19;
555;1;24454,4004;343;31,3773484235;2013-11-12 09:39:28;
556;2;14832,5996;237;21,6931570065;2013-11-12 09:39:28;
557;26;22005,9004;138;12,6223418922;2013-11-12 09:39:28;
558;28;13061,2002;70;6,3614954091;2013-11-12 09:39:28;
559;1;25295,5996;841;52,2832770884;2013-11-28 11:48:00;
560;2;15374,5;542;33,6808793536;2013-11-28 11:48:00;
561;26;22166,5996;161;9,9879800189;2013-11-28 11:48:00;
562;28;13121,2002;60;3,7291959209;2013-11-28 11:48:00;
563;30;3260,8999;223;8,2511624089;2013-11-28 11:48:00;
564;1;26645;1349;56,0147183534;2013-12-22 13:57:45;
565;2;16206,7197;832;34,5461229326;2013-12-22 13:57:45;
566;26;22350;183;7,613101161;2013-12-22 13:57:45;
567;28;13193,4004;72;2,9970895726;2013-12-22 13:57:45;
568;30;3456,8;196;8,1319739693;2013-12-22 13:57:45;
569;1;27093,0996;448;61,4818630133;2013-12-29 20:52:56;
570;2;16401,6504;195;26,7456221664;2013-12-29 20:52:56;
571;26;22401,5996;52;7,0797642728;2013-12-29 20:52:56;
572;28;13206,4004;13;1,7836753685;2013-12-29 20:52:56;
573;30;3534,8;78;10,7020522113;2013-12-29 20:52:56;
574;1;27488,1992;395;46,0997109231;2014-01-07 10:34:31;
575;2;16656,4492;255;29,7295948251;2014-01-07 10:34:31;
576;26;22479;77;9,0309786832;2014-01-07 10:34:31;
577;28;13231,4004;25;2,916967704;2014-01-07 10:34:31;
578;1;29498,1992;2010;35,6971440681;2014-03-04 17:56:38;
579;2;18367,8203;1711;30,3935625427;2014-03-04 17:56:38;
580;26;23409,1992;930;16,5201267933;2014-03-04 17:56:38;
581;28;13711,9004;481;8,5335710073;2014-03-04 17:56:38;
582;30;4020,6001;486;7,4879516011;2014-03-04 17:56:38;
583;1;29694,4004;196;29,2173901533;2014-03-11 11:06:33;
584;2;18551;183;27,2782876102;2014-03-11 11:06:33;
585;26;23684;275;40,9220850231;2014-03-11 11:06:33;
586;28;13874,5996;163;24,2284247193;2014-03-11 11:06:33;
587;1;30389,0996;695;31,5790306267;2014-04-02 11:04:45;
588;2;18957,3008;406;18,469267572;2014-04-02 11:04:45;
589;26;24565;881;40,0477299847;2014-04-02 11:04:45;
590;28;14400,9004;526;23,9241229615;2014-04-02 11:04:45;
591;3;1123;251;0,6620606179;2014-04-08 10:32:08;
592;1;31464,3008;1075;32,6122340677;2014-05-05 10:20:29;
593;2;19369,0195;412;12,4879572441;2014-05-05 10:20:29;
594;26;25883,4004;1318;39,9887783232;2014-05-05 10:20:29;
595;28;15097,5;697;21,1287610232;2014-05-05 10:20:29;
596;30;4439,2002;419;6,7862870614;2014-05-05 10:20:29;
597;1;32230;766;27,4070780382;2014-06-02 08:51:13;
598;2;19631,0293;262;9,3782558939;2014-06-02 08:51:13;
599;26;27173,4004;1290;46,1736549669;2014-06-02 08:51:13;
600;28;15852,7002;755;27,0312817564;2014-06-02 08:51:13;
601;30;4612;173;6,185114995;2014-06-02 08:51:13;
602;1;32745,5996;516;23,367783728;2014-06-24 10:24:10;
603;2;19734,6699;104;4,697154781;2014-06-24 10:24:10;
604;26;28310,3008;1137;51,5261118656;2014-06-24 10:24:10;
605;28;16577,0996;724;32,8309186273;2014-06-24 10:24:10;
606;1;32885,5;140;21,1104398869;2014-07-01 01:27:09;
607;2;19766,0996;31;4,7426225551;2014-07-01 01:27:09;
608;26;28629,3008;319;48,1358904186;2014-07-01 01:27:09;
609;28;16771,6992;195;29,3643417589;2014-07-01 01:27:09;
610;1;33326,1016;441;24,7468807913;2014-07-18 20:45:23;
611;2;19836,4902;70;3,9535666394;2014-07-18 20:45:23;
612;26;29557,8008;929;52,1502391611;2014-07-18 20:45:23;
613;28;17385,5996;614;34,4804013797;2014-07-18 20:45:23;
614;26;30174,4004;617;47,2564718071;2014-07-31 21:54:25;
615;28;17826,6992;441;33,8060725494;2014-07-31 21:54:25;
616;1;33636,1992;310;12,9860455774;2014-08-11 17:51:34;
617;2;19899,3008;63;2,6303373981;2014-08-11 17:51:34;
618;26;30638,4004;464;42,8385955126;2014-08-11 17:51:34;
619;28;18184,4004;358;33,0246056491;2014-08-11 17:51:34;
620;30;5065;453;6,4369227065;2014-08-11 17:51:34;
621;1;33671,3984;35;2,9779736104;2014-08-23 13:32:09;
622;2;19908,8008;10;0,8037327354;2014-08-23 13:32:09;
623;26;31108,0996;470;39,7381708226;2014-08-23 13:32:09;
624;28;18617,4004;433;36,6332920435;2014-08-23 13:32:09;
625;1;33683;12;5,0233444253;2014-08-25 20:57:53;
626;2;19914,5996;6;2,5108062382;2014-08-25 20:57:53;
627;26;31185,9004;78;33,6867513932;2014-08-25 20:57:53;
628;28;18685;68;29,269762258;2014-08-25 20:57:53;
629;1;33701,3984;18;12,1032889187;2014-08-27 09:26:51;
630;26;31201;15;9,9331910034;2014-08-27 09:26:51;
631;28;18691,4004;6;4,2104688666;2014-08-27 09:26:51;
632;1;34072;371;28,4036030909;2014-09-09 10:35:32;
633;2;19988;73;5,0385327241;2014-09-09 10:35:32;
634;26;31670;469;35,9450413857;2014-09-09 10:35:32;
635;28;18953;262;20,0494849648;2014-09-09 10:35:32;
636;1;34736,8008;665;30,1733581701;2014-10-01 11:22:38;
637;2;20103,5996;116;5,2467267415;2014-10-01 11:22:38;
638;26;32267;597;27,0960787466;2014-10-01 11:22:38;
639;28;19327;374;16,9747628999;2014-10-01 11:22:38;
640;30;5321,7002;257;5,0601353939;2014-10-01 11:22:38;
641;1;35308,5;572;35,1883314063;2014-10-17 17:18:05;
642;2;20200,6797;97;5,9753218681;2014-10-17 17:18:05;
643;26;32714,6992;448;27,5560781263;2014-10-17 17:18:05;
644;28;19590,5996;264;16,2246686428;2014-10-17 17:18:05;
645;1;35354,6016;46;3,7968587857;2014-10-29 20:42:37;
646;2;20280,7598;80;6,5952771974;2014-10-29 20:42:37;
647;26;32992,8984;278;22,9120697912;2014-10-29 20:42:37;
648;28;19787,1992;197;16,1916488477;2014-10-29 20:42:37;
649;4;2280;15;0,0261803155;2014-10-31 13:41:52;
650;1;35471,5;117;56,6878736482;2014-10-31 22:12:06;
651;2;20305,8691;25;12,1763242764;2014-10-31 22:12:06;
652;26;33014,1016;21;10,2821280919;2014-10-31 22:12:06;
653;28;19794;7;3,29793129;2014-10-31 22:12:06;
654;30;5519,5;198;6,4956710686;2014-10-31 22:12:06;
655;1;35690;219;22,7423202024;2014-11-10 12:47:06;
656;2;20396;90;9,3811706541;2014-11-10 12:47:06;
657;26;33150;136;14,1448280448;2014-11-10 12:47:06;
658;28;19878;84;8,7430430069;2014-11-10 12:47:06;
659;1;35909;219;29,5976036102;2014-11-17 22:22:01;
660;2;20496,5801;101;13,5932873556;2014-11-17 22:22:01;
661;26;33210,6016;61;8,1902380591;2014-11-17 22:22:01;
662;28;19908;30;4,054466248;2014-11-17 22:22:01;
663;1;36175,8008;267;40,0240807163;2014-11-24 14:21:04;
664;2;20626,8906;130;19,5485094879;2014-11-24 14:21:04;
665;26;33276,6016;66;9,9009797845;2014-11-24 14:21:04;
666;28;19935,6992;28;4,1552912007;2014-11-24 14:21:04;
667;1;36850,5;675;48,6365035522;2014-12-08 11:17:09;
668;2;21075,5801;449;32,3443224189;2014-12-08 11:17:09;
669;26;33354,1992;78;5,5937163525;2014-12-08 11:17:09;
670;28;19960,5996;25;1,7949752913;2014-12-08 11:17:09;
671;30;5799,1001;280;7,4470317516;2014-12-08 11:17:09;
672;4;2299;19;0,3020542671;2015-01-02 11:21:37;
673;1;38029,1992;107;15,9376311085;2015-01-06 17:25:41;
674;2;21875,2305;148;25,886504656;2015-01-06 17:25:41;
675;26;33547,8008;194;6,6175174387;2015-01-06 17:25:41;
676;28;20048,9004;88;3,0182192908;2015-01-06 17:25:41;
677;30;6043,2998;244;8,3470166221;2015-01-06 17:25:41;
678;1;38605,5;576;38,0816962865;2015-01-21 20:37:36;
679;2;22313;438;28,9276106201;2015-01-21 20:37:36;
680;26;33697,1992;149;9,8721787207;2015-01-21 20:37:36;
681;28;20110,8008;62;4,0903504434;2015-01-21 20:37:36;
682;1;38642,6016;37;37,467165048;2015-01-22 20:23:33;
683;2;22365;52;52,5123601811;2015-01-22 20:23:33;
684;26;33700,5;3;3,3333230478;2015-01-22 20:23:33;
685;28;20111;0;0,2011627336;2015-01-22 20:23:33;
686;1;38745;102;50,9101786732;2015-01-24 20:39:54;
687;2;22426,6699;62;30,6608855974;2015-01-24 20:39:54;
688;26;33706,8984;6;3,1811404009;2015-01-24 20:39:54;
689;28;20111,0996;0;0,0495188772;2015-01-24 20:39:54;
690;1;38861,3008;116;17,8365328032;2015-01-31 09:09:14;
691;2;22595,5996;169;25,9079914797;2015-01-31 09:09:14;
692;26;33750,5;44;6,6869821074;2015-01-31 09:09:14;
693;28;20131,8008;21;3,1748503266;2015-01-31 09:09:14;
694;1;38930,1992;69;62,1179134101;2015-02-01 11:46:25;
695;2;22648,4395;53;47,6397758554;2015-02-01 11:46:25;
696;26;33756,3984;6;5,3179217581;2015-02-01 11:46:25;
697;28;20132,5996;1;0,7201878307;2015-02-01 11:46:25;
698;1;39073,1992;143;15,296257275;2015-02-10 20:08:32;
699;2;22904,4102;256;27,3803753991;2015-02-10 20:08:32;
700;26;33962,1992;206;22,0138600294;2015-02-10 20:08:32;
701;28;20284,9004;152;16,2911344056;2015-02-10 20:08:32;
702;1;39228,8008;156;20,0787053067;2015-02-18 14:07:56;
703;2;23139,6992;235;30,3615033066;2015-02-18 14:07:56;
704;26;34118;156;20,1044099145;2015-02-18 14:07:56;
705;28;20378;93;12,0134974999;2015-02-18 14:07:56;
706;1;39389,3008;161;40,8923226634;2015-02-22 12:19:51;
707;2;23296,6309;157;39,98318824;2015-02-22 12:19:51;
708;26;34173,3008;55;14,0895835336;2015-02-22 12:19:51;
709;28;20403,8008;26;6,57354915;2015-02-22 12:19:51;
710;1;39497,1992;108;15,6419096965;2015-03-01 09:53:01;
711;2;23461,7402;165;23,9357095253;2015-03-01 09:53:01;
712;26;34335;162;23,4413511636;2015-03-01 09:53:01;
713;28;20514;110;15,9754540848;2015-03-01 09:53:01;
714;30;6413,2998;370;6,891972301;2015-03-01 09:53:01;
715;1;39597,6016;100;12,4502584269;2015-03-09 11:25:35;
716;2;23647,6602;186;23,0547481608;2015-03-09 11:25:35;
717;26;34557,5;223;27,5907996222;2015-03-09 11:25:35;
718;28;20669,3008;155;19,2578573212;2015-03-09 11:25:35;
719;1;39722,8008;125;13,3072829782;2015-03-18 21:13:34;
720;2;23847,4902;200;21,2397072627;2015-03-18 21:13:34;
721;26;34894,8984;337;35,8616986784;2015-03-18 21:13:34;
722;28;20932,0996;263;27,932590607;2015-03-18 21:13:34;
723;1;39900,1992;177;26,5901405386;2015-03-25 13:20:39;
724;2;24008,9492;161;24,2009933643;2015-03-25 13:20:39;
725;26;35130,3984;236;35,2989547643;2015-03-25 13:20:39;
726;28;21091,3008;159;23,8625730667;2015-03-25 13:20:39;
727;1;39986,6016;86;13,9613604587;2015-03-31 17:52:21;
728;2;24130;121;19,5600336636;2015-03-31 17:52:21;
729;26;35320,8008;190;30,7662349496;2015-03-31 17:52:21;
730;28;21235,5996;144;23,3165694536;2015-03-31 17:52:21;
731;1;40134,1016;148;12,6871236248;2015-04-12 08:53:44;
732;2;24328,3008;198;17,0567238271;2015-04-12 08:53:44;
733;26;35887,8984;567;48,7785583629;2015-04-12 08:53:44;
734;28;21675;439;37,794760648;2015-04-12 08:53:44;
735;1;40149,3008;15;3,775569062;2015-04-16 09:30:42;
736;2;24361,4004;33;8,2221318046;2015-04-16 09:30:42;
737;26;36142,6016;255;63,2697459016;2015-04-16 09:30:42;
738;28;21906,5996;232;57,5306782283;2015-04-16 09:30:42;
739;1;40219,6016;70;17,1296120026;2015-04-20 12:00:32;
740;2;24417,5;56;13,6693235568;2015-04-20 12:00:32;
741;26;36402;259;63,2054535097;2015-04-20 12:00:32;
742;28;22069,1992;163;39,6192939451;2015-04-20 12:00:32;
743;1;40232,8008;13;4,5722328112;2015-04-23 09:17:33;
744;2;24441,4004;24;8,2791527578;2015-04-23 09:17:33;
745;26;36556,1016;154;53,3811436888;2015-04-23 09:17:33;
746;28;22206,0996;137;47,4226090025;2015-04-23 09:17:33;
747;1;40353,5;121;14,2270853496;2015-05-01 20:54:10;
748;2;24522,5996;81;9,5711317782;2015-05-01 20:54:10;
749;26;36962,3008;406;47,8796105305;2015-05-01 20:54:10;
750;28;22509,6992;304;35,7859656179;2015-05-01 20:54:10;
751;1;40744,1016;391;22,329543087;2015-05-19 08:43:30;
752;2;24673,8008;151;8,643727292;2015-05-19 08:43:30;
753;3;1400;277;0,6823928069;2015-05-19 08:43:30;
754;26;37908,6016;946;54,0972297269;2015-05-19 08:43:30;
755;28;23206,0996;696;39,811159856;2015-05-19 08:43:30;
756;30;6914,8999;502;6,3532507104;2015-05-19 08:43:30;
757;1;40887,3984;143;11,0230663048;2015-06-01 08:43:06;
758;2;24774;100;7,7077954657;2015-06-01 08:43:06;
759;3;1408;8;0,6153977649;2015-06-01 08:43:06;
760;3;0;;;2015-06-01 08:43:07;
761;26;38471,6016;563;43,3086177055;2015-06-01 08:43:06;
762;28;23608,6992;403;30,9698617492;2015-06-01 08:43:06;
763;1;41003,1016;116;8,6091878471;2015-06-14 19:15:59;
764;2;24816,4004;42;3,1549084934;2015-06-14 19:15:59;
765;26;39212,6992;741;55,1432324382;2015-06-14 19:15:59;
766;28;24238,6992;630;46,8767358524;2015-06-14 19:15:59;
767;1;41317,3008;314;13,0952835426;2015-07-08 19:06:21;
768;2;24878,3008;62;2,5799024612;2015-07-08 19:06:21;
769;26;40440,3008;1228;51,1643283284;2015-07-08 19:06:21;
770;28;25177,4004;939;39,1234553613;2015-07-08 19:06:21;
771;1;41582,6992;265;11,021957354;2015-08-01 21:00:12;
772;2;24951,6992;73;3,048224988;2015-08-01 21:00:12;
773;26;41577,6992;1137;47,2359918498;2015-08-01 21:00:12;
774;28;26052,5;875;36,3427604376;2015-08-01 21:00:12;
775;4;2367;68;0,3163798801;2015-08-05 09:42:58;
776;1;41702,8008;120;8,7482186115;2015-08-15 14:29:31;
777;2;24987;35;2,5713155825;2015-08-15 14:29:31;
778;26;42324,3984;747;54,3896820578;2015-08-15 14:29:31;
779;28;26665,4004;613;44,6437573378;2015-08-15 14:29:31;
780;30;7399,1001;484;5,4872916165;2015-08-15 14:29:31;
781;1;41738,8984;36;2,5477932019;2015-08-29 18:31:42;
782;2;24998,4004;11;0,8046479993;2015-08-29 18:31:42;
783;26;42869,5;545;38,4736423144;2015-08-29 18:31:42;
784;28;27176,9004;512;36,1020184931;2015-08-29 18:31:42;
785;1;37922;1072;47,5593235489;2014-12-31 00:00:00;
786;2;21727;651;27,6849396081;2015-01-01 00:00:00;
787;1;41743,1016;4;2,0435802956;2015-08-31 19:53:28;
788;2;25002,5;4;1,9932103587;2015-08-31 19:53:28;
789;26;42991,8984;122;59,5096494211;2015-08-31 19:53:28;
790;28;27290,5996;114;55,2801305528;2015-08-31 19:53:28;
791;1;41832,5;89;6,8681170173;2015-09-13 20:17:08;
792;2;25034,9004;32;2,4891915136;2015-09-13 20:17:08;
793;26;43451,1016;459;35,2787221284;2015-09-13 20:17:08;
794;28;27691,9004;401;30,8303152354;2015-09-13 20:17:08;
795;26;43728,1016;277;24,1172973245;2015-09-25 07:56:18;
796;2;25064,8008;30;2,6033098806;2015-09-25 07:56:18;
797;1;41879,8008;47;4,1182940696;2015-09-25 07:56:18;
798;28;27934,8008;243;21,1483796644;2015-09-25 07:56:18;
799;1;41913,1992;33;5,5176205728;2015-10-01 09:12:41;
800;2;25086,5996;22;3,6012954914;2015-10-01 09:12:41;
801;26;43999,3008;271;44,8037715949;2015-10-01 09:12:41;
802;28;28171,8008;237;39,1538539494;2015-10-01 09:12:41;
803;1;42000,6016;87;19,6735323725;2015-10-05 19:50:05;
804;2;25107,5996;21;4,7269203114;2015-10-05 19:50:05;
805;26;44218,1992;219;49,2721568137;2015-10-05 19:50:05;
806;28;28356,8008;185;41,6419170288;2015-10-05 19:50:05;
807;1;42106,3984;106;15,0940625372;2015-10-12 20:03:17;
808;2;25146,9004;39;5,6070574248;2015-10-12 20:03:17;
809;26;44405,3008;187;26,693843776;2015-10-12 20:03:17;
810;28;28468,9004;112;15,993284984;2015-10-12 20:03:17;
811;1;42224,5;118;6,0411313114;2015-11-01 09:14:41;
812;2;25319,9004;173;8,8492934632;2015-11-01 09:14:41;
813;26;44681,6016;276;14,13333447;2015-11-01 09:14:41;
814;28;28649,1992;180;9,2226415738;2015-11-01 09:14:41;
815;30;7854,6001;456;5,8561584213;2015-11-01 09:14:41;
816;1;42245,1016;21;8,5161125863;2015-11-03 19:18:14;
817;26;44771,3008;90;37,0790854156;2015-11-03 19:18:14;
818;28;28721,3008;72;29,8047405663;2015-11-03 19:18:14;
819;26;44800,8984;30;18,9708500126;2015-11-05 08:44:52;
820;28;28747,4004;26;16,7287752044;2015-11-05 08:44:52;
821;26;44837,6992;37;88,5630081902;2015-11-05 18:43:14;
822;28;28781,8008;34;82,7863227687;2015-11-05 18:43:14;
823;1;42302,5;57;7,3359532319;2015-11-11 15:05:10;
824;2;25391,9004;72;7,0289222161;2015-11-11 15:05:10;
825;26;44928,6992;91;15,5593727489;2015-11-11 15:05:10;
826;28;28850,6992;69;11,7803943671;2015-11-11 15:05:10;
827;1;42636,8984;334;26,1218988722;2015-11-24 10:19:16;
828;2;25513,0996;121;9,4676088336;2015-11-24 10:19:16;
829;3;57;57;0,3237408157;2015-11-24 10:19:16;
830;26;45022,3984;94;7,3194160822;2015-11-24 10:19:16;
831;28;28902,8008;52;4,0699737986;2015-11-24 10:19:16;
832;1;42805,8008;169;23,3481712062;2015-12-01 15:56:20;
833;2;25649,0996;136;18,7999180831;2015-12-01 15:56:20;
834;26;45075,1992;53;7,2989023141;2015-12-01 15:56:20;
835;28;28931,6992;29;3,9947614172;2015-12-01 15:56:20;
836;1;43068,6992;263;26,736122828;2015-12-11 11:55:58;
837;2;25786,8809;138;14,0120204619;2015-12-11 11:55:58;
838;26;45184,5;109;11,1156234272;2015-12-11 11:55:58;
839;28;28992,8008;61;6,2138829395;2015-12-11 11:55:58;
840;1;43631,1992;563;28,1608692553;2015-12-31 11:19:17;
841;2;26021,8008;235;11,76097527;2015-12-31 11:19:17;
842;3;80;23;0,6209221907;2015-12-31 11:19:17;
843;26;45346,6992;162;8,120303048;2015-12-31 11:19:17;
844;28;29075,8008;83;4,1552927079;2015-12-31 11:19:17;
845;30;8257;402;6,671107636;2015-12-31 16:55:12;
846;1;44165,3984;534;24,2541437314;2016-01-22 11:55:23;
847;2;26410,4004;389;17,6435130423;2016-01-22 11:55:23;
848;26;45500,6992;154;6,9920324378;2016-01-22 11:55:23;
849;28;29143,6992;68;3,0827780213;2016-01-22 11:55:23;
850;30;8417,9004;161;7,3835316237;2016-01-22 11:55:23;
851;1;44189,5;24;26,0992171657;2016-01-23 10:05:10;
852;2;26432,5996;22;24,0391402108;2016-01-23 10:05:10;
853;26;45521,1016;20;22,0934157194;2016-01-23 10:05:10;
854;28;29154,6992;11;11,911714941;2016-01-23 10:05:10;
855;1;45122,3984;933;24,8566994996;2016-02-29 22:49:54;
856;2;27108,3496;676;18,0050846768;2016-02-29 22:49:54;
857;26;46054,6992;534;14,2174916335;2016-02-29 22:49:54;
858;28;29420,0996;265;7,0714860159;2016-02-29 22:49:54;
859;30;8672,0996;254;6,610384524;2016-02-29 22:49:54;
860;1;45623,3984;501;16,9442137098;2016-03-30 12:27:16;
861;2;27554,5195;446;15,0898166397;2016-03-30 12:27:16;
862;26;46807,6992;753;25,4670517435;2016-03-30 12:27:16;
863;28;29933,0996;513;17,35006314;2016-03-30 12:27:16;
864;1;46085,6016;462;14,0158613181;2016-05-02 11:54:22;
865;2;27848,8008;294;8,9237934513;2016-05-02 11:54:22;
866;26;48262,6016;1455;44,118496518;2016-05-02 11:54:22;
867;28;31024,8008;1092;33,1047743071;2016-05-02 11:54:22;
868;4;2421;54;0,1908051827;2016-05-14 09:59:04;
869;1;46491,8008;406;13,8310660475;2016-05-31 20:45:10;
870;2;27987;138;4,705677074;2016-05-31 20:45:10;
871;26;49771,1992;1509;51,3676862107;2016-05-31 20:45:10;
872;28;32134,3008;1110;37,7784293511;2016-05-31 20:45:10;
873;1;46833,6992;342;11,2185449019;2016-07-01 08:10:52;
874;2;28064,6895;78;2,5491875486;2016-07-01 08:10:52;
875;26;51185,5;1414;46,4067601064;2016-07-01 08:10:52;
876;28;33171,8984;1038;34,0461823327;2016-07-01 08:10:52;
877;30;9312,9004;641;5,2357472241;2016-07-01 08:10:52;
878;3;210;130;0,6840933437;2016-07-08 12:06:09;
879;1;47217;383;6,8263215619;2016-08-26 11:47:28;
880;2;28171,9004;107;1,9093518154;2016-08-26 11:47:28;
881;3;231;21;0,4286849385;2016-08-26 11:47:28;
882;26;53703,3984;2518;44,842025215;2016-08-26 11:47:28;
883;28;35275,8008;2104;37,4690434176;2016-08-26 11:47:28;
884;1;47248,8008;32;5,3927166241;2016-09-01 09:19:08;
885;2;28183,8008;12;2,0180462414;2016-09-01 09:19:08;
886;26;54013,5;310;52,5864146026;2016-09-01 09:19:08;
887;28;35557,6992;282;47,8037718548;2016-09-01 09:19:08;
888;1;47324,6016;76;7,3369008007;2016-09-11 17:16:25;
889;2;28205,8008;22;2,12942103;2016-09-11 17:16:25;
890;26;54538,1016;525;50,7771672472;2016-09-11 17:16:25;
891;28;36012,6992;455;44,040298576;2016-09-11 17:16:25;
892;1;47670,3984;346;16,6512714489;2016-10-02 11:40:53;
893;2;28263;57;2,7543326192;2016-10-02 11:40:53;
894;26;55294,1016;756;36,4039262808;2016-10-02 11:40:53;
895;28;36481;468;22,5502484133;2016-10-02 11:40:53;
896;26;55617,8984;324;21,6163425972;2016-10-17 11:11:01;
897;28;36799,6992;319;21,2760320443;2016-10-17 11:11:01;
898;3;260;29;0,5185983192;2016-10-21 09:52:13;
899;4;2450;29;0,1812553889;2016-10-21 09:52:13;
900;1;48139,3008;469;17,1713839537;2016-10-29 19:03:15;
901;2;28419,0996;156;5,7164266308;2016-10-29 19:03:15;
902;26;55805,6016;188;15,2258368243;2016-10-29 19:03:15;
903;28;36927,8984;128;10,3990773743;2016-10-29 19:03:15;
904;26;55842,8008;37;13,7378485422;2016-11-01 12:02:28;
905;28;36947,8008;20;7,3500547546;2016-11-01 12:02:28;
906;1;48220,3008;81;21,2920538143;2016-11-02 14:21:21;
907;2;28452,8008;34;8,858861284;2016-11-02 14:21:21;
908;26;55866,8984;24;21,9779025261;2016-11-02 14:21:21;
909;28;36964,5;17;15,2302880728;2016-11-02 14:21:21;
910;1;48707,1992;487;20,9921315775;2016-11-25 19:01:11;
911;2;28767,0996;314;13,5506745642;2016-11-25 19:01:11;
912;26;56098,6016;232;9,9896488905;2016-11-25 19:01:11;
913;28;37079,1992;115;4,9451398859;2016-11-25 19:01:11;
914;1;48878,1016;171;33,9610694794;2016-11-30 19:47:42;
915;2;28864,1992;97;19,2952601135;2016-11-30 19:47:42;
916;26;56198,3008;100;19,8118426554;2016-11-30 19:47:42;
917;28;37141,3008;62;12,3405917786;2016-11-30 19:47:42;
918;30;10041,0996;728;4,7755805204;2016-11-30 19:47:42;
919;1;48878,1016;0;0;2016-11-30 19:47:47;
920;2;28864,1992;0;0;2016-11-30 19:47:47;
921;26;56198,3008;0;0;2016-11-30 19:47:47;
922;28;37141,3008;0;0;2016-11-30 19:47:47;
923;30;10041,0996;0;0;2016-11-30 19:47:47;
924;1;49674;796;34,9724641111;2016-12-23 13:59:06;
925;2;29316,3008;452;19,8657353509;2016-12-23 13:59:06;
926;26;56354,6016;156;6,8679923449;2016-12-23 13:59:06;
927;28;37209,6016;68;3,001196229;2016-12-23 13:59:06;
928;1;49920,3984;246;24,8434180087;2017-01-02 12:01:06;
929;2;29483,5;167;16,8580624562;2017-01-02 12:01:06;
930;26;56438,1016;84;8,4189889371;2017-01-02 12:01:06;
931;28;37250,6016;41;4,1338748075;2017-01-02 12:01:06;
932;1;50450,6992;530;17,0658072254;2017-02-02 13:47:29;
933;2;30115,5996;632;20,3418322598;2017-02-02 13:47:29;
934;26;56856,5;418;13,4646344826;2017-02-02 13:47:29;
935;28;37529,1016;279;8,962512054;2017-02-02 13:47:29;
936;1;50836,3008;386;14,2655372638;2017-03-01 14:31:06;
937;2;30518,4004;403;14,9018308593;2017-03-01 14:31:06;
938;26;57353,1992;497;18,3756523482;2017-03-01 14:31:06;
939;28;37868,8984;340;12,570964209;2017-03-01 14:31:06;
940;1;51183,8008;348;16,5714661034;2017-03-22 13:47:35;
941;2;30797,5996;279;13,3143599393;2017-03-22 13:47:35;
942;26;57923,5117;570;27,1968755744;2017-03-22 13:47:35;
943;28;38271,1992;402;19,1847886923;2017-03-22 13:47:35;
944;1;51290;106;10,8288388835;2017-04-01 09:09:46;
945;2;30883;85;8,7080427365;2017-04-01 09:09:46;
946;26;58418,6016;495;50,482948647;2017-04-01 09:09:46;
947;28;38685,8984;415;42,2857311724;2017-04-01 09:09:46;
948;1;51689,6992;400;13,5857763175;2017-04-30 19:15:10;
949;2;31117,8008;235;7,9808794913;2017-04-30 19:15:10;
950;26;59633,1016;1215;41,280856548;2017-04-30 19:15:10;
951;28;39566,3984;881;29,9281961223;2017-04-30 19:15:10;
952;1;52013,1992;324;10,8091384834;2017-05-30 17:32:02;
953;2;31241;123;4,1164674307;2017-05-30 17:32:02;
954;26;61089,3008;1456;48,6561323406;2017-05-30 17:32:02;
955;28;40707,8008;1141;38,1377947662;2017-05-30 17:32:02;
956;26;61136,6992;47;41,5218980411;2017-05-31 20:55:50;
957;28;40742,6016;35;30,4861613335;2017-05-31 20:55:50;
958;1;52456,5;443;13,1827684606;2017-07-03 08:35:20;
959;2;31332,1992;91;2,7120590294;2017-07-03 08:35:20;
960;26;62626,3008;1490;45,853980996;2017-07-03 08:35:20;
961;28;41787,6016;1045;32,1679368099;2017-07-03 08:35:20;
962;1;52657,1992;201;10,4342700968;2017-07-22 14:13:11;
963;2;31379,5508;47;2,4617905;2017-07-22 14:13:11;
964;26;63520,5;894;46,4890541323;2017-07-22 14:13:11;
965;28;42489,6016;702;36,4966955919;2017-07-22 14:13:11;
966;1;52720;63;5,6185014538;2017-08-02 18:28:47;
967;2;31384;4;0,3980496533;2017-08-02 18:28:47;
968;26;63913;393;35,1151867591;2017-08-02 18:28:47;
969;28;42815;325;29,1119123239;2017-08-02 18:28:47;
970;1;52978,6016;259;8,7410418982;2017-09-01 08:30:50;
971;2;31466,3008;82;2,7818650041;2017-09-01 08:30:50;
972;26;65162;1249;42,2176867076;2017-09-01 08:30:50;
973;28;43835;1020;34,4772141247;2017-09-01 08:30:50;
974;1;53483;504;13,4948153552;2017-10-08 17:34:00;
975;2;31578;112;2,9884315242;2017-10-08 17:34:00;
976;3;436;176;0,4995448992;2017-10-08 17:34:00;
977;4;2491;41;0,1163712549;2017-10-08 17:34:00;
978;26;66309;1147;30,6871576366;2017-10-08 17:34:00;
979;28;44661;826;22,0990341829;2017-10-08 17:34:00;
980;1;53953;470;19,0109422467;2017-11-02 10:54:33;
981;2;31727;149;6,0268731803;2017-11-02 10:54:33;
982;26;66858;549;22,2063984967;2017-11-02 10:54:33;
983;28;45042;381;15,4109978638;2017-11-02 10:54:33;
984;1;54916;963;20,8084471043;2017-12-18 17:36:43;
985;2;32312;585;12,6406454372;2017-12-18 17:36:43;
986;26;67116;258;5,5748487569;2017-12-18 17:36:43;
987;28;45156;114;2,4633052647;2017-12-18 17:36:43;
988;1;56530;1614;16,8068972956;2018-03-24 18:22:48;
989;2;33808;1496;15,5781402443;2018-03-24 18:22:48;
990;26;68713;1597;16,6298729747;2018-03-24 18:22:48;
991;28;46268;1112;11,5794732297;2018-03-24 18:22:48;
992;30;12521;2480;5,1778830459;2018-03-24 18:22:48;
993;1;56999;469;12,6871213895;2018-04-30 17:34:44;
994;2;34030;222;6,0054178006;2018-04-30 17:34:44;
995;26;70440;1727;46,7178222596;2018-04-30 17:34:44;
996;28;47585;1317;35,6267353305;2018-04-30 17:34:44;
997;1;57629;630;10,2838351344;2018-06-30 23:50:51;
998;2;34197;167;2,726032488;2018-06-30 23:50:51;
999;26;73649;3209;52,3822649943;2018-06-30 23:50:51;
1000;28;50089;2504;40,8741637724;2018-06-30 23:50:51;
1001;1;57899;270;7,9725608297;2018-08-03 20:38:07;
1002;2;34273;76;2,2441282336;2018-08-03 20:38:07;
1003;26;75536;1887;55,7193417989;2018-08-03 20:38:07;
1004;28;51675;1586;46,8314128739;2018-08-03 20:38:07;
1005;1;57956;57;4,7667350652;2018-08-15 19:37:27;
1006;2;34295;22;1,8397924813;2018-08-15 19:37:27;
1007;26;76134;598;50,0089047195;2018-08-15 19:37:27;
1008;28;52195;520;43,4860041039;2018-08-15 19:37:27;
1009;1;58119;163;9,6507139426;2018-09-01 16:58:58;
1010;2;34332;37;2,1906528581;2018-09-01 16:58:58;
1011;26;76948;814;48,194362879;2018-09-01 16:58:58;
1012;28;52867;672;39,7869924504;2018-09-01 16:58:58;
1013;1;58253;134;9,5053328747;2018-09-15 19:19:09;
1014;2;34364;32;2,2699302387;2018-09-15 19:19:09;
1015;26;77464;516;36,6026250995;2018-09-15 19:19:09;
1016;28;53273;406;28,7997399038;2018-09-15 19:19:09;
1017;1;58365;112;11,3228741528;2018-09-25 16:42:53;
1018;2;34387;23;2,325233085;2018-09-25 16:42:53;
1019;26;77844;380;38,4168944471;2018-09-25 16:42:53;
1020;28;53589;316;31,9466806455;2018-09-25 16:42:53;
1021;1;58424;59;11,5923045436;2018-09-30 18:51:53;
1022;2;34413;26;5,1084731887;2018-09-30 18:51:53;
1023;3;634;198;0,554537836;2018-09-30 18:51:53;
1024;26;78079;235;46,1727384364;2018-09-30 18:51:53;
1025;28;53769;180;35,3663528449;2018-09-30 18:51:53;
1026;1;58501;77;5,5054344318;2018-10-14 18:31:59;
1027;2;34470;57;4,0754514625;2018-10-14 18:31:59;
1028;26;78601;522;37,3225554987;2018-10-14 18:31:59;
1029;28;54236;467;33,3901023332;2018-10-14 18:31:59;
1030;1;58641;140;8,274978861;2018-10-31 16:34:35;
1031;2;34583;113;6,6790900807;2018-10-31 16:34:35;
1032;26;78882;281;16,6090647139;2018-10-31 16:34:35;
1033;28;54466;230;13,5946081288;2018-10-31 16:34:35;
1034;2;34632;49;7,3102883813;2018-11-07 09:26:44;
1035;2;0;;;2018-11-07 09:26:45;
1036;2;52;52;7,5160976785;2018-11-14 07:29:22;
1037;1;58792;151;11,0845273375;2018-11-14 07:31:07;
1038;26;79112;230;16,8837171366;2018-11-14 07:31:07;
1039;28;54645;179;13,1399363802;2018-11-14 07:31:07;
1040;30;13660;1139;4,8561603983;2018-11-14 07:31:07;
1041;1;59053;261;15,9919779137;2018-11-30 15:12:54;
1042;2;263;211;12,9274180052;2018-11-30 15:12:54;
1043;26;79275;163;9,9873272028;2018-11-30 15:12:54;
1044;28;54744;99;6,0659226569;2018-11-30 15:12:54;
1045;1;59516;463;28,9369348255;2018-12-16 15:13:21;
1046;2;544;281;17,5621569891;2018-12-16 15:13:21;
1047;3;683;49;0,6376203219;2018-12-16 15:13:21;
1048;4;2562;71;0,163631296;2018-12-16 15:13:21;
1049;26;79369;94;5,8748852561;2018-12-16 15:13:21;
1050;28;54795;51;3,1874377454;2018-12-16 15:13:21;
1051;30;13847;187;5,7857129045;2018-12-16 15:13:21;
1052;1;59806;290;13,6941455014;2019-01-06 19:28:08;
1053;2;845;301;14,2135786066;2019-01-06 19:28:08;
1054;26;79459;90;4,2499072246;2019-01-06 19:28:08;
1055;28;54848;53;2,5027231434;2019-01-06 19:28:08;
1056;1;59921;115;8,9723920148;2019-01-19 15:04:45;
1057;2;1015;170;13,2635360219;2019-01-19 15:04:45;
1058;26;79573;114;8,8943712147;2019-01-19 15:04:45;
1059;28;54936;88;6,8658304113;2019-01-19 15:04:45;
1060;30;14020;173;5,089129218;2019-01-19 15:04:45;
1061;1;60019;98;8,0187513318;2019-01-31 20:23:30;
1062;2;1264;249;20,3741743022;2019-01-31 20:23:30;
1063;26;79729;156;12,7645429363;2019-01-31 20:23:30;
1064;28;55063;127;10,391647134;2019-01-31 20:23:30;
1065;30;14081;61;4,9912635841;2019-01-31 20:23:30;
1066;1;60271;252;10,1655838623;2019-02-25 15:20:25;
1067;2;1614;350;14,1188664754;2019-02-25 15:20:25;
1068;3;709;26;0,3661718739;2019-02-25 15:20:25;
1069;4;2569;7;0,0985847353;2019-02-25 15:20:25;
1070;4;0;;;2019-02-25 15:20:26;
1071;4;0;;;2022-07-01 15:16:42;
1072;26;80337;608;24,5264880487;2019-02-25 15:20:25;
1073;28;55557;494;19,9277715396;2019-02-25 15:20:25;
1074;1;60340;69;13,3185885191;2019-03-02 19:40:40;
1075;2;1688;74;14,2837036292;2019-03-02 19:40:40;
1076;26;80504;167;32,2348446768;2019-03-02 19:40:40;
1077;28;55696;139;26,8302000603;2019-03-02 19:40:40;
1078;1;60558;218;7,5116532082;2019-03-31 20:11:44;
1079;2;1977;289;9,9581090696;2019-03-31 20:11:44;
1080;26;81427;923;31,8039261979;2019-03-31 20:11:44;
1081;28;56476;780;26,8765573504;2019-03-31 20:11:44;
1082;30;14386;305;5,1702075813;2019-03-31 20:11:44;
1083;1;60794;236;7,8950364078;2019-04-30 17:36:30;
1084;2;2175;198;6,623801732;2019-04-30 17:36:30;
1085;26;82846;1419;47,4705790793;2019-04-30 17:36:30;
1086;28;57663;1187;39,7093568479;2019-04-30 17:36:30;
1087;30;14530;144;4,8173103505;2019-04-30 17:36:30;
1088;1;61082;288;9,1367069198;2019-06-01 06:07:02;
1089;2;2344;169;5,36147038;2019-06-01 06:07:02;
1090;26;84208;1362;43,2090098082;2019-06-01 06:07:02;
1091;28;58711;1048;33,2474612915;2019-06-01 06:07:02;
1092;1;61369;287;9,6886153846;2019-06-30 21:03:17;
1093;2;2418;74;2,4981098901;2019-06-30 21:03:17;
1094;26;85915;1707;57,6253186813;2019-06-30 21:03:17;
1095;28;60105;1394;47,058989011;2019-06-30 21:03:17;
1096;1;61449;80;3,1208756874;2019-07-26 12:16:00;
1097;2;2468;50;1,9505473046;2019-07-26 12:16:00;
1098;26;87075;1160;45,252697467;2019-07-26 12:16:00;
1099;28;61127;1022;39,8691869062;2019-07-26 12:16:00;
1100;1;61526;77;5,9630001434;2019-08-08 10:10:40;
1101;2;2477;9;0,6969740427;2019-08-08 10:10:40;
1102;26;87647;572;44,2965724939;2019-08-08 10:10:40;
1103;28;61659;532;41,1989100818;2019-08-08 10:10:40;
1104;1;61701;175;7,4721757819;2019-08-31 20:15:47;
1105;2;2527;50;2,1349073663;2019-08-31 20:15:47;
1106;3;782;73;0,3899466086;2019-08-31 20:15:47;
1107;26;88750;1103;47,0960564999;2019-08-31 20:15:47;
1108;28;62614;955;40,7767306958;2019-08-31 20:15:47;
1109;1;61917;216;9,8370765818;2019-09-22 19:14:56;
1110;2;2585;58;2,6414372303;2019-09-22 19:14:56;
1111;26;89652;902;41,0789031331;2019-09-22 19:14:56;
1112;28;63344;730;33,2456754846;2019-09-22 19:14:56;
1113;1;62013;96;9,0286750563;2019-10-03 10:26:09;
1114;2;2621;36;3,3857531461;2019-10-03 10:26:09;
1115;26;89889;237;22,2895415452;2019-10-03 10:26:09;
1116;28;63527;183;17,2109118261;2019-10-03 10:26:09;
1117;1;62171;158;5,4687794196;2019-11-01 07:49:35;
1118;2;2760;139;4,8111413882;2019-11-01 07:49:35;
1119;26;90534;645;22,3250805422;2019-11-01 07:49:35;
1120;28;64091;564;19,5214657765;2019-11-01 07:49:35;
1121;30;15361;831;4,5018100125;2019-11-01 07:49:35;
1122;1;62226;55;24,2678037944;2019-11-03 14:13:10;
1123;2;2795;35;15,4431478692;2019-11-03 14:13:10;
1124;26;90563;29;12,7957510916;2019-11-03 14:13:10;
1125;28;64105;14;6,1772591477;2019-11-03 14:13:10;
1126;1;62694;468;17,1777410543;2019-11-30 20:05:20;
1127;2;3131;336;12,3327371672;2019-11-30 20:05:20;
1128;26;90810;247;9,0660300009;2019-11-30 20:05:20;
1129;28;64259;154;5,652504535;2019-11-30 20:05:20;
1130;30;15513;152;5,1504711108;2019-11-30 20:06:40;
1131;1;62889;195;24,4479335054;2019-12-08 19:30:58;
1132;2;3282;151;18,9314767144;2019-12-08 19:30:58;
1133;26;90874;64;8,0239371505;2019-12-08 19:30:58;
1134;28;64298;39;4,8895867011;2019-12-08 19:30:58;
1135;30;15553;40;5,0155429587;2019-12-08 19:30:58;
1136;1;63055;166;19,5386702849;2019-12-17 07:25:10;
1137;2;3409;127;14,9482597963;2019-12-17 07:25:10;
1138;26;90930;56;6,5913586503;2019-12-17 07:25:10;
1139;28;64325;27;3,1779764921;2019-12-17 07:25:10;
1140;2;3573;164;11,4107903866;2019-12-31 16:21:22;
1141;1;63193;138;8,5789279794;2020-01-02 09:28:54;
1142;2;3601;28;16,340204793;2020-01-02 09:28:54;
1143;3;835;53;0,4289734306;2020-01-02 09:28:54;
1144;26;91137;207;12,8683919691;2020-01-02 09:28:54;
1145;28;64493;168;10,4439123227;2020-01-02 09:28:54;
1146;30;15700;147;5,9800101324;2020-01-02 09:28:54;
1147;1;63227;34;16,3722091559;2020-01-04 11:19:20;
1148;2;3657;56;26,9659915508;2020-01-04 11:19:20;
1149;26;91140;3;1,4446066902;2020-01-04 11:19:20;
1150;28;64493;0;0;2020-01-04 11:19:20;
1151;1;63255;28;7,1532484122;2020-01-08 09:15:56;
1152;2;3712;55;14,0510236667;2020-01-08 09:15:56;
1153;26;91159;19;4,853989994;2020-01-08 09:15:56;
1154;28;64506;13;3,3211510485;2020-01-08 09:15:56;
1155;1;63547;292;9,6213331462;2020-02-07 17:38:49;
1156;2;4115;403;13,2787577326;2020-02-07 17:38:49;
1157;26;91454;295;9,7201824594;2020-02-07 17:38:49;
1158;28;64727;221;7,2818994018;2020-02-07 17:38:49;
1159;1;63547;0;0;2020-02-07 17:38:52;
1160;2;4115;0;0;2020-02-07 17:38:52;
1161;26;91454;0;0;2020-02-07 17:38:52;
1162;28;64727;0;0;2020-02-07 17:38:52;
1163;1;63690;143;6,2909151084;2020-03-01 11:11:47;
1164;2;4405;290;12,7577998702;2020-03-01 11:11:47;
1165;3;857;22;0,3724303569;2020-03-01 11:11:47;
1166;26;91861;407;17,9049122316;2020-03-01 11:11:47;
1167;28;65062;335;14,7374584707;2020-03-01 11:11:47;
1168;30;16003;303;5,1293817339;2020-03-01 11:11:47;
1169;1;63880;190;6,1483284232;2020-04-01 08:51:41;
1170;2;4771;366;11,8436221205;2020-04-01 08:51:41;
1171;26;93029;1168;37,7960399911;2020-04-01 08:51:41;
1172;28;66060;998;32,2949040335;2020-04-01 08:51:41;
1173;30;16165;162;5,2422589714;2020-04-01 08:51:41;
1174;1;63989;109;3,4991831301;2020-05-02 12:27:52;
1175;2;4949;178;5,7142623592;2020-05-02 12:27:52;
1176;26;94799;1770;56,821597617;2020-05-02 12:27:52;
1177;28;67703;1643;52,7445677315;2020-05-02 12:27:52;
1178;1;64077;88;2,8314587159;2020-06-02 14:22:11;
1179;2;5056;107;3,4427963932;2020-06-02 14:22:11;
1180;26;96412;1613;51,8993512358;2020-06-02 14:22:11;
1181;28;69179;1476;47,4912848258;2020-06-02 14:22:11;
1182;30;16518;353;5,6725495338;2020-06-02 14:22:11;
1183;1;64180;103;3,5499191423;2020-07-01 14:43:25;
1184;2;5117;61;2,1023792979;2020-07-01 14:43:25;
1185;26;97657;1245;42,9092168174;2020-07-01 14:43:25;
1186;28;70265;1086;37,4292445492;2020-07-01 14:43:25;
1187;1;64281;101;3,183330415;2020-08-02 08:11:25;
1188;2;5179;62;1,9541236211;2020-08-02 08:11:25;
1189;26;99102;1445;45,5436876204;2020-08-02 08:11:25;
1190;28;71568;1303;41,0681141656;2020-08-02 08:11:25;
1191;1;64431;150;4,3516889993;2020-09-05 19:27:19;
1192;2;5227;48;1,3925404798;2020-09-05 19:27:19;
1193;26;100422;1320;38,2948631938;2020-09-05 19:27:19;
1194;28;72748;1180;34,2332867944;2020-09-05 19:27:19;
1195;30;17004;486;5,1044040656;2020-09-05 19:27:19;
1196;1;64663;232;9,0646638738;2020-10-01 09:42:31;
1197;2;5309;82;3,2038898174;2020-10-01 09:42:31;
1198;3;930;73;0,3412203388;2020-10-01 09:42:31;
1199;26;101477;1055;41,2207775294;2020-10-01 09:42:31;
1200;28;73594;846;33,0547656776;2020-10-01 09:42:31;
1201;30;17143;139;5,4309839588;2020-10-01 09:42:31;
1202;1;64881;218;7,033492287;2020-11-01 09:34:41;
1203;2;5464;155;5,0008775435;2020-11-01 09:34:41;
1204;3;941;11;0,354900987;2020-11-01 09:34:41;
1205;26;101982;505;16,2931816739;2020-11-01 09:34:41;
1206;28;73993;399;12,8732267087;2020-11-01 09:34:41;
1207;30;17317;174;5,6138883391;2020-11-01 09:34:41;
1208;1;65486;605;16,8247527802;2020-12-07 08:35:32;
1209;2;5867;403;11,2072320172;2020-12-07 08:35:32;
1210;3;957;16;0,4449521396;2020-12-07 08:35:32;
1211;26;102355;373;10,3729467554;2020-12-07 08:35:32;
1212;28;74256;263;7,3139007954;2020-12-07 08:35:32;
1213;30;17526;209;5,8121873241;2020-12-07 08:35:32;
1214;1;65964;478;13,5608803382;2021-01-11 14:33:18;
1215;2;6345;478;13,5608803382;2021-01-11 14:33:18;
1216;26;102544;189;5,3619380417;2021-01-11 14:33:18;
1217;28;74366;110;3,1207046803;2021-01-11 14:33:18;
1218;30;17730;204;5,7874886799;2021-01-11 14:33:18;
1219;1;66331;367;7,4887964923;2021-03-01 14:42:43;
1220;2;7210;865;17,6507056291;2021-03-01 14:42:43;
1221;26;103148;604;12,3248857803;2021-03-01 14:42:43;
1222;28;74871;505;10,304747217;2021-03-01 14:42:43;
1223;1;66516;185;5,9266971678;2021-04-01 19:51:52;
1224;2;7582;372;11,9174667374;2021-04-01 19:51:52;
1225;26;104239;1091;34,9514951896;2021-04-01 19:51:52;
1226;28;75818;947;30,338282259;2021-04-01 19:51:52;
1227;30;18177;447;5,5720912973;2021-04-01 19:51:52;
1228;1;66677;161;5,2626123144;2021-05-02 10:06:02;
1229;2;7860;278;9,0869951764;2021-05-02 10:06:02;
1230;26;105517;1278;41,774028185;2021-05-02 10:06:02;
1231;28;76949;1131;36,9690343327;2021-05-02 10:06:02;
1232;30;18332;155;5,0664901163;2021-05-02 10:06:02;
1233;1;66787;110;3,3127333187;2021-06-04 15:01:32;
1234;2;8019;159;4,7884054334;2021-06-04 15:01:32;
1235;26;106937;1420;42,7643755686;2021-06-04 15:01:32;
1236;28;78198;1249;37,6145810459;2021-06-04 15:01:32;
1237;1;67179;392;6,756797735;2021-08-01 15:24:04;
1238;2;8152;133;2,2924849458;2021-08-01 15:24:04;
1239;26;109513;2576;44,4018136869;2021-08-01 15:24:04;
1240;28;80347;2149;37,0417304399;2021-08-01 15:24:04;
1241;30;18802;470;5,1523304881;2021-08-01 15:24:04;
1242;1;67230;51;2,5600520563;2021-08-21 13:30:59;
1243;2;8170;18;0,9035477846;2021-08-21 13:30:59;
1244;26;110259;746;37,4470359601;2021-08-21 13:30:59;
1245;28;81037;690;34,6359984081;2021-08-21 13:30:59;
1246;1;67280;50;3,5898675987;2021-09-04 11:47:26;
1247;2;8199;29;2,0821232072;2021-09-04 11:47:26;
1248;26;110725;466;33,4575660199;2021-09-04 11:47:26;
1249;28;81460;423;30,370279885;2021-09-04 11:47:26;
1250;1;67443;163;6,0715094059;2021-10-01 08:06:41;
1251;2;8263;64;2,3839055336;2021-10-01 08:06:41;
1252;3;1043;86;0,2886100075;2021-10-01 08:06:41;
1253;26;111686;961;35,795831528;2021-10-01 08:06:41;
1254;28;82289;829;30,879026365;2021-10-01 08:06:41;
1255;30;19082;280;4,6131341987;2021-10-01 08:06:41;
1256;1;67493;50;6,045010138;2021-10-09 14:37:20;
1257;2;8296;33;3,9897066911;2021-10-09 14:37:20;
1258;26;111906,3984;220;26,6462112479;2021-10-09 14:37:20;
1259;28;82475;186;22,4874377133;2021-10-09 14:37:20;
1260;1;67622;129;6,5278621334;2021-10-29 08:53:49;
1261;2;8425;129;6,5278621334;2021-10-29 08:53:49;
1262;3;1050;7;0,2497080959;2021-10-29 08:53:49;
1263;26;112323;417;21,0815334057;2021-10-29 08:53:49;
1264;28;82826;351;17,7618574326;2021-10-29 08:53:49;
1265;30;19222;140;4,9941619172;2021-10-29 08:53:49;
1266;1;67766;144;14,1680312841;2021-11-08 12:49:35;
1267;2;8517;92;9,0517977648;2021-11-08 12:49:35;
1268;26;112457;134;13,1841402227;2021-11-08 12:49:35;
1269;28;82909;83;8,1662958096;2021-11-08 12:49:35;
1270;1;67775;9;4,4096131381;2021-11-10 13:48:37;
1271;2;8534;17;8,3292692609;2021-11-10 13:48:37;
1272;26;112513;56;27,4375928593;2021-11-10 13:48:37;
1273;28;82960;51;24,9878077826;2021-11-10 13:48:37;
1274;30;19290;68;5,5716139017;2021-11-10 13:48:37;
1275;1;68197;422;16,3618739903;2021-12-06 08:48:37;
1276;2;8873;339;13,1437802908;2021-12-06 08:48:37;
1277;26;112654;141;5,4668820679;2021-12-06 08:48:37;
1278;28;83039;79;3,0630048465;2021-12-06 08:48:37;
1279;1;68430;233;16,2577437729;2021-12-20 16:46:10;
1280;2;9075;202;14,0946963181;2021-12-20 16:46:10;
1281;26;112757;103;7,1868996078;2021-12-20 16:46:10;
1282;28;83102;63;4,3958706339;2021-12-20 16:46:10;
1283;30;19538;248;6,1809474441;2021-12-20 16:46:10;
1284;1;68653;223;6,6095085783;2022-01-23 10:30:43;
1285;2;9534;459;13,6043248317;2022-01-23 10:30:43;
1286;26;112924;167;4,9497216708;2022-01-23 10:30:43;
1287;28;83213;111;3,2899347632;2022-01-23 10:30:43;
1288;30;19721;183;5,4239465015;2022-01-23 10:30:43;
1289;1;68983;330;6,9945114967;2022-03-11 14:49:42;
1290;2;10189;655;13,8830455465;2022-03-11 14:49:42;
1291;26;113995;1071;22,7003691302;2022-03-11 14:49:42;
1292;28;84144;931;19,7330006165;2022-03-11 14:49:42;
1293;30;19954;233;4,9385490265;2022-03-11 14:49:42;
1294;1;69123;140;6,6364362074;2022-04-01 17:07:27;
1295;2;10397;208;9,8598480796;2022-04-01 17:07:27;
1296;26;114941;946;44,8433475159;2022-04-01 17:07:27;
1297;28;84880;736;34,8886932047;2022-04-01 17:07:27;
1298;30;20044;90;4,2662804191;2022-04-01 17:07:27;
1299;1;69170;47;4,6463571612;2022-04-11 19:53:42;
1300;2;10510;113;11,1710289196;2022-04-11 19:53:42;
1301;26;115161;220;21,7489058611;2022-04-11 19:53:42;
1302;28;85162;282;27,8781429675;2022-04-11 19:53:42;
1303;30;20092;48;4,7452158243;2022-04-11 19:53:42;
1304;3;1102;52;0,2841137429;2022-04-30 09:30:14;
1305;3;0;;;2022-04-30 09:30:15;
1306;1;69250;80;3,6405216606;2022-05-03 19:17:31;
1307;2;10623;113;5,1422368456;2022-05-03 19:17:31;
1308;26;116184;1023;46,5531707353;2022-05-03 19:17:31;
1309;28;86103;941;42,8216360331;2022-05-03 19:17:31;
1310;30;20182;90;4,0955868682;2022-05-03 19:17:31;
1311;1;69389;139;4,9748886101;2022-05-31 17:51:35;
1312;2;10699;76;2,7200829811;2022-05-31 17:51:35;
1313;26;117619;1435;51,3594615508;2022-05-31 17:51:35;
1314;28;87346;1243;44,487672967;2022-05-31 17:51:35;
1315;30;20315;133;4,7601452169;2022-05-31 17:51:35;
1316;1;69470;81;9,0327460276;2022-06-09 17:04:36;
1317;2;10726;27;3,0109153425;2022-06-09 17:04:36;
1318;26;118019;400;44,6061532227;2022-06-09 17:04:36;
1319;28;87673;327;36,4655302595;2022-06-09 17:04:36;
1320;1;69549;79;3,6031793877;2022-07-01 15:16:43;
1321;2;10771;45;2,052443955;2022-07-01 15:16:43;
1322;4;20;20;1727999,59605942;2022-07-01 15:16:43;
1323;26;119235;1216;55,4615966515;2022-07-01 15:16:43;
1324;28;88781;1108;50,5357311594;2022-07-01 15:16:43;
1325;30;20476;161;5,2116287539;2022-07-01 15:16:43;
1326;1;69695;146;4,5289099295;2022-08-02 20:58:29;
1327;2;10833;62;1,9232357235;2022-08-02 20:58:29;
1328;4;29;9;0,2791793792;2022-08-02 20:58:29;
1329;26;120779;1544;47,8947735006;2022-08-02 20:58:29;
1330;28;90140;1359;42,1560862613;2022-08-02 20:58:29;
1331;30;20637;161;4,9942088948;2022-08-02 20:58:29;
1332;1;69750;55;2,672097833;2022-08-23 10:58:07;
1333;2;10868;35;1,7004258937;2022-08-23 10:58:07;
1334;26;121770;991;48,1463445904;2022-08-23 10:58:07;
1335;28;91070;930;45,1827451757;2022-08-23 10:58:07;
1336;1;69775;25;2,4478500284;2022-09-02 16:04:54;
1337;2;10871;3;0,2937420034;2022-09-02 16:04:54;
1338;26;122231;461;45,1383545235;2022-09-02 16:04:54;
1339;28;91508;438;42,8863324974;2022-09-02 16:04:54;
1340;30;20736;99;3,2146904015;2022-09-02 16:04:54;
1341;3;36;36;0,2723019442;2022-09-09 14:27:09;
1342;1;69794;19;2,7403983393;2022-09-09 14:28:51;
1343;2;10883;12;1,7307778985;2022-09-09 14:28:51;
1344;26;122510;279;40,2405861408;2022-09-09 14:28:51;
1345;28;91768;260;37,5001878014;2022-09-09 14:28:51;
1346;30;20770;34;4,9038707125;2022-09-09 14:28:51;
1347;1;69839;45;20,2675229626;2022-09-11 19:46:05;Wochenende Veranstaltung
1348;2;10890;7;3,1527257942;2022-09-11 19:46:05;
1349;26;122580;70;31,5272579418;2022-09-11 19:46:05;
1350;28;91816;48;21,6186911601;2022-09-11 19:46:05;
1351;30;20788;18;8,107009185;2022-09-11 19:46:05;
1352;1;69841;2;2,0911995353;2022-09-12 18:43:17;
1353;2;10891;1;1,0455997676;2022-09-12 18:43:17;
1354;26;122622;42;43,9151902411;2022-09-12 18:43:17;
1355;28;91856;40;41,8239907058;2022-09-12 18:43:17;
1356;30;20792;4;4,1823990706;2022-09-12 18:43:17;
1357;1;69844;3;3,1111964663;2022-09-13 17:51:49;Duschtag
1358;2;10893;2;2,0741309775;2022-09-13 17:51:49;
1359;26;122655;33;34,2231611291;2022-09-13 17:51:49;
1360;28;91888;32;33,1860956403;2022-09-13 17:51:49;
1361;30;20796;4;4,148261955;2022-09-13 17:51:49;
1362;1;69848;4;3,4061677656;2022-09-14 22:02:52;
1363;2;10895;2;1,7030838828;2022-09-14 22:02:52;
1364;26;122661;6;5,1092516484;2022-09-14 22:02:52;
1365;28;91892;4;3,4061677656;2022-09-14 22:02:52;
1366;30;20803;7;5,9607935898;2022-09-14 22:02:52;
1367;1;69850;2;2,2154698258;2022-09-15 19:42:49;
1368;2;10897;2;2,2154698258;2022-09-15 19:42:49;
1369;26;122683;22;24,3701680833;2022-09-15 19:42:49;
1370;28;91912;20;22,1546982576;2022-09-15 19:42:49;
1371;1;69855;5;3,1255200156;2022-09-17 10:06:26;
1372;2;10900;3;1,8753120094;2022-09-17 10:06:26;
1373;26;122732;49;30,6300961531;2022-09-17 10:06:26;
1374;28;91957;45;28,1296801406;2022-09-17 10:06:26;
1375;30;20814;11;4,3956450554;2022-09-17 10:06:26;
1376;1;69869;14;10,065070146;2022-09-18 19:29:24;
1377;2;10902;2;1,4378671637;2022-09-18 19:29:24;
1378;26;122771;39;28,0384096924;2022-09-18 19:29:24;
1379;28;91987;30;21,5680074557;2022-09-18 19:29:24;
1380;30;20825;11;7,9082694004;2022-09-18 19:29:24;
1381;1;69872;3;2,7672794824;2022-09-19 21:30:30;
1382;2;10905;3;2,7672794824;2022-09-19 21:30:30;
1383;26;122801;30;27,672794824;2022-09-19 21:30:30;
1384;28;92015;28;25,8279418357;2022-09-19 21:30:30;
1385;30;20830;5;4,6121324707;2022-09-19 21:30:30;
1386;2;10906;1;1,0969756989;2022-09-20 19:23:12;
1387;1;69876;4;2,1354951927;2022-09-21 18:27:46;
1388;26;122878;77;41,1082824589;2022-09-21 18:27:46;
1389;28;92088;73;38,9727872663;2022-09-21 18:27:46;
1390;30;20840;10;5,3387379817;2022-09-21 18:27:46;
1391;2;10908;2;1,0451254695;2022-09-22 17:18:51;
1392;2;10909;1;1,7340344399;2022-09-23 07:09:17;
1393;1;69906;30;5,90415318;2022-09-26 20:24:39;
1394;2;10912;3;0,8445142414;2022-09-26 20:24:39;
1395;26;123033;155;30,5047914298;2022-09-26 20:24:39;
1396;28;92223;135;26,5686893099;2022-09-26 20:24:39;
1397;30;20872;32;6,297763392;2022-09-26 20:24:39;
1398;2;10917;5;1,6953276456;2022-09-29 19:11:37;
1399;1;69920;14;3,49113075;2022-09-30 20:39:17;
1400;2;10918;1;0,9426140083;2022-09-30 20:39:17;
1401;26;123156;123;30,6720773036;2022-09-30 20:39:17;
1402;28;92334;111;27,6796795179;2022-09-30 20:39:17;
1403;30;20901;29;7,2316279822;2022-09-30 20:39:17;
1404;2;10921;3;3,1634832489;2022-10-01 19:24:52;
1405;2;10924,5996;4;3,5563801029;2022-10-02 19:42:22;
1406;1;69957;37;4,8573842329;2022-10-08 11:28:09;
1407;2;10939;14;2,5456822446;2022-10-08 11:28:09;
1408;26;123389;233;30,5883926021;2022-10-08 11:28:09;
1409;28;92544;210;27,5689375384;2022-10-08 11:28:09;
1410;1;69990;33;4,5470420783;2022-10-15 17:38:54;
1411;2;10960;21;2,8935722317;2022-10-15 17:38:54;
1412;26;123618;229;31,5537162405;2022-10-15 17:38:54;
1413;28;92751;207;28,5223548549;2022-10-15 17:38:54;
1414;1;70031;41;5,0829509354;2022-10-23 19:14:12;
1415;2;10976;16;1,9835906089;2022-10-23 19:14:12;
1416;26;123795;177;21,9434711114;2022-10-23 19:14:12;
1417;28;92905;154;19,092059611;2022-10-23 19:14:12;
1418;30;21024;123;5,3615997215;2022-10-23 19:14:12;
1419;1;70031;0;0;2022-10-23 19:14:13;
1420;2;10976;0;0;2022-10-23 19:14:13;
1421;28;92905;0;0;2022-10-23 19:14:13;
1422;30;21024;0;0;2022-10-23 19:14:13;
1423;1;70065;34;6,1010866314;2022-10-29 08:59:01;
1424;2;10992;16;2,8710995913;2022-10-29 08:59:01;
1425;26;123911;116;20,8154288052;2022-10-29 08:59:01;
1426;28;93003;98;17,5854849965;2022-10-29 08:59:01;
1427;1;70114;49;20,8094531227;2022-10-31 17:29:47;
1428;2;11002;10;4,2468271679;2022-10-31 17:29:47;
1429;26;123980;69;29,3031074585;2022-10-31 17:29:47;
1430;28;93045;42;17,8366741052;2022-10-31 17:29:47;
1431;1;70141;27;4,7455144636;2022-11-06 10:02:47;
1432;2;11020;18;3,163676309;2022-11-06 10:02:47;
1433;26;124072;92;16,1699011351;2022-11-06 10:02:47;
1434;28;93125;80;14,0607835958;2022-11-06 10:02:47;
1435;30;21096;72;5,2874848918;2022-11-06 10:02:47;
1436;1;70187;46;7,3676951483;2022-11-12 15:53:23;
1437;2;11056;36;5,7660222899;2022-11-12 15:53:23;
1438;26;124142;70;11,2117100082;2022-11-12 15:53:23;
1439;28;93268;143;22,9039218739;2022-11-12 15:53:23;
1440;1;70209;22;5,4431742686;2022-11-16 16:53:31;
1441;2;11083;27;6,6802593297;2022-11-16 16:53:31;
1442;26;124203;61;15,0924377448;2022-11-16 16:53:31;
1443;28;93337;69;17,0717738425;2022-11-16 16:53:31;
1444;1;70283;74;19,9899949975;2022-11-20 09:44:11;
1445;2;11133;50;13,5067533767;2022-11-20 09:44:11;
1446;26;124348;145;39,1695847924;2022-11-20 09:44:11;
1447;28;93348;11;2,9714857429;2022-11-20 09:44:11;
1448;30;21190;94;6,7204861628;2022-11-20 09:44:11;
1449;1;70335;52;8,1168385376;2022-11-26 19:29:27;
1450;2;11203;70;10,9265134161;2022-11-26 19:29:27;
1451;26;124429;81;12,6435369529;2022-11-26 19:29:27;
1452;28;93405;57;8,8973037816;2022-11-26 19:29:27;
1453;30;21238;48;7,4924663424;2022-11-26 19:29:27;
1454;1;70448;113;11,5637443829;2022-12-06 14:01:01;
1455;2;11323;120;12,2800825305;2022-12-06 14:01:01;
1456;26;124449;20;2,0466804217;2022-12-06 14:01:01;
1457;28;93409;4;0,4093360843;2022-12-06 14:01:01;
1458;30;21298;60;6,1400412652;2022-12-06 14:01:01;
1459;1;70621;173;24,2151681771;2022-12-13 17:28:47;
1460;2;11451;128;17,9164250096;2022-12-13 17:28:47;
1461;26;124465;16;2,2395531262;2022-12-13 17:28:47;
1462;28;93416;7;0,9798044927;2022-12-13 17:28:47;
1463;30;21350;52;7,2785476602;2022-12-13 17:28:47;
1464;1;70658;37;9,8739502287;2022-12-17 11:24:48;
1465;2;11537;86;22,9502626938;2022-12-17 11:24:48;
1466;26;124480;15;4,0029527954;2022-12-17 11:24:48;
1467;28;93425;9;2,4017716773;2022-12-17 11:24:48;
1468;2;11603;66;29,6376374711;2022-12-19 16:51:32;
1469;1;70825;167;16,5530153544;2022-12-27 13:32:40;
1470;2;11649;46;5,8510043164;2022-12-27 13:32:40;
1471;26;124540;60;5,9471911453;2022-12-27 13:32:40;
1472;28;93456;31;3,0727154251;2022-12-27 13:32:40;
1473;30;21439;89;6,4324809504;2022-12-27 13:32:40;
1474;1;70856;31;7,3418838796;2022-12-31 18:52:51;
1475;2;11701;52;12,3154181206;2022-12-31 18:52:51;
1476;26;124562;22;5,2103692049;2022-12-31 18:52:51;
1477;28;93467;11;2,6051846024;2022-12-31 18:52:51;
1478;30;21466;27;6,3945440242;2022-12-31 18:52:51;
1479;1;70923;67;6,7017917985;2023-01-10 18:49:00;
1480;2;11782;81;8,1021662042;2023-01-10 18:49:00;
1481;26;124613;51;5,1013639063;2023-01-10 18:49:00;
1482;28;93502;35;3,5009360141;2023-01-10 18:49:00;
1483;30;21534;68;6,8018185418;2023-01-10 18:49:00;
1484;1;70973;50;6,3086415246;2023-01-18 17:01:55;
1485;2;11875;93;11,7340732357;2023-01-18 17:01:55;
1486;26;124677;64;8,0750611515;2023-01-18 17:01:55;
1487;28;93547;45;5,6777773721;2023-01-18 17:01:55;
1488;30;21586;52;6,5609871856;2023-01-18 17:01:55;
1489;1;71033;60;6,7350915941;2023-01-27 14:50:15;
1490;2;12024;149;16,7254774587;2023-01-27 14:50:15;
1491;26;124715;38;4,2655580096;2023-01-27 14:50:15;
1492;28;93566;19;2,1327790048;2023-01-27 14:50:15;
1493;1;71092;59;6,7793093818;2023-02-05 07:42:30;
1494;2;12153;129;14,8225578009;2023-02-05 07:42:30;
1495;26;124776;61;7,0091164795;2023-02-05 07:42:30;
1496;28;93610;44;5,0557561491;2023-02-05 07:42:30;
1497;30;21706;120;6,8137233962;2023-02-05 07:42:30;
1498;1;71139;47;15,8960306897;2023-02-08 06:40:10;
1499;2;12192;39;13,1903233383;2023-02-08 06:40:10;
1500;26;124850;74;25,0277930008;2023-02-08 06:40:10;
1501;28;93673;63;21,3074453926;2023-02-08 06:40:10;
1502;30;21727;21;7,1024817975;2023-02-08 06:40:10;
1503;1;71158;19;6,127728194;2023-02-11 09:05:07;
1504;2;12239;47;15,15806448;2023-02-11 09:05:07;
1505;26;124962;112;36,1213451438;2023-02-11 09:05:07;
1506;28;93754;81;26,1234728272;2023-02-11 09:05:07;
1507;2;12260;21;18,3811164016;2023-02-12 12:30:17;
1508;1;71208;50;9,3857341187;2023-02-16 16:56:20;
1509;2;12303;43;10,2753876918;2023-02-16 16:56:20;
1510;3;83;47;0,2935599208;2023-02-16 16:56:20;
1511;26;125070;108;20,2731856963;2023-02-16 16:56:20;
1512;28;93844;90;16,8943214136;2023-02-16 16:56:20;
1513;1;71277;69;6,2746022591;2023-02-27 16:51:36;
1514;2;12401;98;8,9117539332;2023-02-27 16:51:36;
1515;26;125238;168;15,2772924569;2023-02-27 16:51:36;
1516;28;93976;132;12,0035869304;2023-02-27 16:51:36;
