id,counter_id,reading,temperature,date,remark
1,1,19502.4004,0,2008-10-07 08:36:35,
2,2,39356.0586,0,2008-10-07 08:36:35,
3,1,19538.1992,0,2008-10-08 19:58:29,
4,2,39360.9766,0,2008-10-08 19:58:29,
5,1,19571.3008,0,2008-10-09 13:03:13,
6,2,39365.8516,0,2008-10-09 13:03:13,
7,1,19622.1992,0,2008-10-10 14:11:44,
8,2,39375.3086,0,2008-10-10 14:11:44,
9,1,19640.6992,0,2008-10-10 22:54:54,
10,1,19652.3008,0,2008-10-11 11:16:55,
11,2,39383.3008,0,2008-10-11 11:16:55,
12,1,19764.0000,0,2008-10-12 12:44:41,
13,2,39392.9609,0,2008-10-12 12:44:41,
14,1,19803.0996,0,2008-10-13 14:36:11,
15,2,39400.0000,0,2008-10-13 14:36:11,
16,1,19949.5000,0,2008-10-17 11:44:55,
17,2,39432.5000,0,2008-10-17 11:44:55,
18,1,20006.0000,0,2008-10-18 15:09:39,
19,2,39447.0000,0,2008-10-18 15:09:39,
20,1,20132.3008,0,2008-10-23 09:36:52,
21,2,39500.4297,0,2008-10-23 09:36:52,
22,1,20194.6992,0,2008-10-24 12:02:36,
23,2,39521.1914,0,2008-10-24 12:02:36,
24,1,20278.6992,0,2008-10-25 12:50:45,
25,2,39548.8984,0,2008-10-25 12:50:45,
26,1,20330.9004,0,2008-10-26 11:18:17,
27,2,39563.0586,0,2008-10-26 11:18:17,
28,1,20369.3008,0,2008-10-27 11:10:42,
29,2,39577.5508,0,2008-10-27 11:10:42,
30,1,20402.8008,0,2008-10-28 08:10:18,
31,2,39592.6406,0,2008-10-28 08:10:18,
32,1,20425.4004,0,2008-10-29 08:26:31,
33,2,39607.6016,0,2008-10-29 08:26:31,
34,1,20445.5996,0,2008-10-30 08:50:03,
35,2,39622.5586,0,2008-10-30 08:50:03,
36,1,20480.4004,0,2008-10-31 08:54:58,
37,2,39650.5000,0,2008-10-31 08:54:58,Am Do kleines NZ belegt
38,1,20526.0996,0,2008-11-01 08:57:58,
39,2,39672.9219,0,2008-11-01 08:57:58,
40,1,20571.6992,0,2008-11-02 09:36:27,
41,2,39704.8984,0,2008-11-02 09:36:27,So hintere Haelfte Saal und kl NZ belegt
42,1,20633.5996,0,2008-11-03 08:18:56,So Kombi Spuelmaschine
43,2,39722.9609,0,2008-11-03 08:18:56,s o
44,1,20671.0000,0,2008-11-04 08:14:58,
45,2,39740.4805,0,2008-11-04 08:14:58,Gymnastik
46,1,20700.5996,0,2008-11-05 08:56:54,Bierkeller und Theke aus
47,2,39752.5781,0,2008-11-05 08:56:54,
68,1,20822.9004,6,2008-11-08 09:35:28,Fr Grillplatte
67,2,39775.5508,9,2008-11-07 08:53:08,
66,1,20776.8008,9,2008-11-07 08:53:08,Fr Grillplatte
65,4,1804.0000,9,2008-11-06 09:17:22,
64,3,2052.0000,9,2008-11-06 09:17:22,
63,2,39763.5195,9,2008-11-06 09:04:33,
62,1,20726.0000,9,2008-11-06 09:04:33,Bierkeller und Theke aus
69,2,39794.1602,6,2008-11-08 09:35:28,Fr Saal hinten MGV
70,1,20881.6992,9,2008-11-09 08:34:07,Sa Grillplatte So Kombi
71,2,39815.5195,9,2008-11-09 08:34:07,So Saal hinten gr NZ leicht Saaltoiletten
72,1,20991.3008,12,2008-11-10 08:29:27,Kombi Tellerwaermer Wasserbad Spuelmaschine
73,2,39843.2695,12,2008-11-10 08:29:27,So siehe oben
74,1,21027.0000,13,2008-11-11 08:29:56,
75,2,39856.3516,13,2008-11-11 08:29:56,
76,1,21048.1992,6,2008-11-12 08:00:43,
77,2,39864.4688,6,2008-11-12 08:00:43,
78,1,21073.1992,4,2008-11-13 08:40:11,
79,2,39874.6602,4,2008-11-13 08:40:11,
80,1,21123.9004,3,2008-11-14 08:58:23,Do 1/2 Grillplatte
81,2,39890.4297,3,2008-11-14 08:58:23,
82,1,21172.1992,7,2008-11-15 09:07:28,Fr Kombi
83,2,39916.6602,7,2008-11-15 09:07:28,Fr Saal hinten MGV
84,1,21240.5996,10,2008-11-16 08:42:58,Sa So morgen Kombi
85,2,39937.3086,10,2008-11-16 08:42:58,
86,1,21325.9004,4,2008-11-17 09:12:11,Kombi Spuelmaschine
87,2,39960.8086,4,2008-11-17 09:12:11,So kleines Nebenzimmer
88,1,21360.5996,3,2008-11-18 09:48:26,
89,2,39980.6094,3,2008-11-18 09:48:26,
90,1,21382.5000,5,2008-11-19 08:16:53,
91,2,39996.2109,5,2008-11-19 08:16:53,
92,1,21406.3008,9,2008-11-20 09:03:30,
93,2,40013.5117,9,2008-11-20 09:03:30,
94,1,21463.9004,5,2008-11-21 08:55:21,
95,2,40035.6992,5,2008-11-21 08:55:21,
96,1,21676.6992,1,2008-11-23 13:40:26,1.5 Tage Kombi. Tellerwaermer Wasserbad Spuelmaschine
97,2,40132.9102,1,2008-11-23 13:40:26,Fr vordere Hlfte Saal Sa Saal kl NZ 25 C Heizung
98,1,21716.0000,-1,2008-11-24 10:38:35,
99,2,40156.6992,-1,2008-11-24 10:38:35,
248,2,40726.8086,0,2008-12-11 08:52:29,Mi kl NZ
247,1,22856.4004,0,2008-12-11 08:52:29,
246,2,40679.5508,-1,2008-12-09 09:24:31,Mo gr NZ Saal Gymn
245,1,22757.0000,-1,2008-12-09 09:24:31,
244,2,40645.9297,3,2008-12-08 08:57:31,So kl NZ geheizt
243,1,22705.3008,3,2008-12-08 08:57:31,
242,2,40616.8008,3,2008-12-07 08:48:10,Sa gr NZ geheizt
241,1,22614.3008,3,2008-12-07 08:48:10,
240,2,40579.7305,2,2008-12-06 08:27:25,Fr Saal MGV. kl NZ
239,1,22492.6992,2,2008-12-06 08:27:25,
238,2,40536.2383,4,2008-12-05 08:35:39,
237,1,22363.0996,4,2008-12-05 08:35:39,
236,2,40505.0586,-2,2008-12-04 10:12:33,
235,1,22297.5996,-2,2008-12-04 10:12:33,
234,2,40470.1289,1,2008-12-03 08:52:48,
233,1,22244.0000,1,2008-12-03 08:52:48,
232,2,40445.5312,3,2008-12-02 09:14:42,
230,2,40422.0391,1,2008-12-01 14:03:17,kl NZ über Nacht beheizt
229,1,22173.1992,1,2008-12-01 14:03:17,
228,2,40372.1406,0,2008-11-30 11:14:39,Sa gr NZ. kl NZ
231,1,22214.5000,3,2008-12-02 09:14:42,
226,1,22095.6992,0,2008-11-30 11:12:18,
225,2,40324.6211,0,2008-11-29 10:34:49,Fr Saal MGV
224,1,21957.5000,0,2008-11-29 10:34:49,
223,2,40281.2305,0,2008-11-28 10:17:41,
222,1,21889.0996,0,2008-11-28 10:17:41,
219,2,40248.2812,3,2008-11-27 09:03:35,
218,1,21819.5000,3,2008-11-27 09:03:35,
212,1,21758.5000,-1,2008-11-25 09:34:00,
213,2,40191.6992,-1,2008-11-25 09:34:00,
214,1,21789.9004,1,2008-11-26 08:58:47,
215,2,40219.6602,1,2008-11-26 08:58:47,
216,3,2068.0000,1,2008-11-26 08:58:47,
217,4,1809.0000,1,2008-11-26 08:58:47,
261,1,23238.6992,2,2008-12-18 08:11:11,
260,4,1813.5000,-1,2008-12-17 08:53:00,
259,3,2084.0000,-1,2008-12-17 08:53:00,
258,2,40930.6289,-1,2008-12-17 08:53:00,
257,1,23205.0996,-1,2008-12-17 08:53:00,
256,2,40905.0000,1,2008-12-16 09:10:31,
255,1,23170.0996,1,2008-12-16 09:10:31,
254,2,40869.5000,2,2008-12-15 09:16:51,
253,1,23111.3008,2,2008-12-15 09:16:51,
252,2,40838.0508,0,2008-12-14 10:18:33,
251,1,23078.0996,0,2008-12-14 10:18:33,Sa Kombi Friteuse
250,2,40796.6016,-2,2008-12-13 09:49:53,Do kl NZ. Fr Saal MGV
249,1,22980.5996,-2,2008-12-13 09:49:53,Do Kombi Fr Grillplatte
262,2,40956.9102,2,2008-12-18 08:11:11,
263,1,23317.1992,4,2008-12-19 09:43:36,
264,2,40989.7383,4,2008-12-19 09:43:36,
265,1,23432.0996,4,2008-12-20 09:09:23,
266,2,41020.3984,4,2008-12-20 09:09:23,
267,1,23580.0000,5,2008-12-21 10:56:19,
268,2,41065.7109,5,2008-12-21 10:56:19,
269,1,23627.5996,8,2008-12-22 10:26:37,
270,2,41089.7812,8,2008-12-22 10:26:37,
271,1,23699.0996,4,2008-12-23 08:31:44,
272,2,41119.7188,4,2008-12-23 08:31:44,
273,1,23795.6992,4,2008-12-24 10:14:23,
274,2,41153.3516,4,2008-12-24 10:14:23,
275,1,24041.5996,-2,2008-12-26 11:16:15,
276,2,41248.0000,-2,2008-12-26 11:16:15,Do Saal Brunch
277,1,24079.4004,-3,2008-12-27 08:07:19,
278,2,41272.0000,-3,2008-12-27 08:07:19,
279,1,24132.8008,-3,2008-12-28 09:04:15,
280,2,41315.0000,-3,2008-12-28 09:04:15,
281,1,24187.5000,-6,2008-12-29 08:51:46,So Kombidämpfer 
282,2,41358.6797,-6,2008-12-29 08:51:46,
283,1,24253.9004,-5,2008-12-30 11:48:33,Mo Vorbereitung Partyservice
284,2,41410.9883,-5,2008-12-30 11:48:33,
285,3,2097.0000,-5,2008-12-30 11:48:33,
286,4,1817.0000,-5,2008-12-30 11:48:33,
287,1,24292.0000,-11,2008-12-31 08:58:06,
288,2,41455.3594,-11,2008-12-31 08:58:06,
289,1,24348.1992,-5,2009-01-01 09:55:34,MI Partyservice
290,2,41504.0000,-5,2009-01-01 09:55:34,
291,1,24386.6992,-2,2009-01-02 08:47:40,
292,2,41543.8594,-2,2009-01-02 08:47:40,
293,1,24440.6992,-14,2009-01-03 09:17:24,Fr Brotbackautomat
294,2,41590.4414,-14,2009-01-03 09:17:24,
295,1,24489.3008,-2,2009-01-04 08:28:54,
296,2,41641.3789,-2,2009-01-04 08:28:54,
297,1,24531.0996,-3,2009-01-05 09:31:40,
298,2,41689.7617,-3,2009-01-05 09:31:40,
299,1,24576.9004,-15,2009-01-06 08:48:17,
300,2,41738.3008,-15,2009-01-06 08:48:17,
301,1,24608.9004,-14,2009-01-07 08:37:22,
302,2,41798.6992,-14,2009-01-07 08:37:22,
303,1,24638.0000,-7,2009-01-08 08:30:49,
304,2,41860.3008,-7,2009-01-08 08:30:49,
305,1,24693.0000,-13,2009-01-09 08:43:59,
306,2,41927.1719,-13,2009-01-09 08:43:59,
307,1,24757.1992,-4,2009-01-11 15:42:41,
308,2,42056.3008,-4,2009-01-11 15:42:41,
309,1,24778.1992,-9,2009-01-12 08:05:39,
310,2,42098.5000,-9,2009-01-12 08:05:39,
311,1,24816.5996,-1,2009-01-13 09:27:56,
312,2,42156.4414,-1,2009-01-13 09:27:56,
313,3,2148.0000,-1,2009-01-13 09:27:56,
314,1,24847.4004,-3,2009-01-14 09:23:01,
315,2,42204.8984,-3,2009-01-14 09:23:01,
316,1,24876.4004,-2,2009-01-15 08:12:50,
317,2,42248.2383,-2,2009-01-15 08:12:50,
318,1,24949.8008,-6,2009-01-16 08:20:33,
319,2,42305.8008,-6,2009-01-16 08:20:33,
320,1,25021.0996,0,2009-01-17 09:38:58,
321,2,42365.7109,0,2009-01-17 09:38:58,
322,3,2150.0000,0,2009-01-17 09:38:58,
323,1,25096.8008,3,2009-01-18 08:37:40,
324,2,42407.8594,3,2009-01-18 08:37:40,
325,1,25166.6992,1,2009-01-19 09:48:03,
326,2,42455.9297,1,2009-01-19 09:48:03,
327,1,25210.3008,3,2009-01-20 07:44:00,
328,2,42487.8008,3,2009-01-20 07:44:00,
329,1,25255.9004,-2,2009-01-21 09:09:58,
330,2,42522.3008,-2,2009-01-21 09:09:58,
331,1,25321.9004,1,2009-01-22 08:09:14,
332,2,42553.8594,1,2009-01-22 08:09:14,
333,1,25570.0996,2,2009-01-24 08:17:38,
334,2,42657.7500,2,2009-01-24 08:17:38,
335,1,25786.3008,3,2009-01-25 16:08:00,
336,2,42720.8281,3,2009-01-25 16:08:00,
337,1,25842.1992,-3,2009-01-26 08:23:25,
338,2,42742.2500,-3,2009-01-26 08:23:25,
339,1,25945.3008,-1,2009-01-27 08:53:28,
340,2,42775.6992,-1,2009-01-27 08:53:28,
341,1,26022.1992,-1,2009-01-28 07:44:42,
342,2,42796.0586,-1,2009-01-28 07:44:42,
343,1,26328.0000,-1,2009-01-31 09:48:00,
344,2,42901.8984,-1,2009-01-31 09:48:00,
345,1,26425.5996,-3,2009-02-01 08:24:22,
346,2,42943.0000,-3,2009-02-01 08:24:22,
347,1,26577.6992,-2,2009-02-02 08:29:39,
348,2,42977.7617,-2,2009-02-02 08:29:39,
349,1,26678.3008,-2,2009-02-03 08:49:14,
350,2,43042.8203,-2,2009-02-03 08:49:14,
351,1,26833.0000,1,2009-02-05 07:41:58,
352,2,43106.4297,1,2009-02-05 07:41:58,
353,1,26969.0000,0,2009-02-06 12:55:42,
354,2,43159.8984,0,2009-02-06 12:55:42,
355,1,27182.5996,3,2009-02-08 17:09:14,
356,2,43239.0000,3,2009-02-08 17:09:14,
357,1,27336.5000,3,2009-02-10 07:53:08,
358,2,43294.6406,3,2009-02-10 07:53:08,
359,1,27412.5996,0,2009-02-11 07:42:25,
360,2,43324.6016,0,2009-02-11 07:42:25,
361,1,27629.5000,-2,2009-02-14 08:00:55,
362,2,43456.0000,-2,2009-02-14 08:00:55,
363,1,27969.5996,-7,2009-02-18 07:25:40,
364,2,43643.4688,-7,2009-02-18 07:25:40,
365,1,27997.1992,-1,2009-02-19 11:37:06,
366,2,43685.7695,-1,2009-02-19 11:37:06,
367,3,2173.0000,-1,2009-02-19 11:37:06,
368,1,28216.5996,2,2009-02-22 09:08:27,
369,2,42800.1289,2,2009-02-22 09:08:27,
370,1,28272.5000,3,2009-02-23 09:08:42,
371,2,43831.6367,3,2009-02-23 09:08:42,
372,3,0.0000,3,2009-02-23 09:08:42,
373,4,0.0000,3,2009-02-23 09:08:42,
374,3,2248.0000,15,2009-06-16 16:46:57,
375,4,1847.0000,15,2009-06-16 16:46:57,
376,1,16437.0996,0,2013-01-20 09:08:02,
377,2,9877.8203,0,2013-01-20 09:08:02,
378,3,828.0000,0,2013-01-20 09:08:02,
379,1,16468.5996,0,2013-01-21 13:02:35,60Grad Wäsche mit Trockner
380,2,9936.5996,0,2013-01-21 13:02:35,
381,3,829.0000,0,2013-01-21 13:02:35,
382,1,16492.5000,0,2013-01-22 10:07:13,
383,2,9980.1504,0,2013-01-22 10:07:13,
384,1,16515.9004,0,2013-01-23 09:05:45,
385,2,10027.7197,0,2013-01-23 09:05:45,
386,1,16583.6992,0,2013-01-24 08:22:40,
387,2,10083.5195,0,2013-01-24 08:22:40,
388,1,16763.8008,0,2013-01-26 10:49:05,
389,2,10231.3398,0,2013-01-26 10:49:05,
390,3,833.0000,0,2013-01-26 10:49:05,
391,1,16819.8008,0,2013-01-27 09:19:44,
392,2,10283.7900,0,2013-01-27 09:19:44,
393,1,16878.5000,0,2013-01-28 07:56:24,
394,2,10333.1299,0,2013-01-28 07:56:24,
395,1,16917.8008,0,2013-01-29 08:22:12,
396,2,10384.1396,0,2013-01-29 08:22:12,
397,3,836.0000,0,2013-01-29 08:22:12,
398,1,16949.1992,0,2013-01-30 08:03:39,
399,2,10413.3096,0,2013-01-30 08:03:39,
400,1,16997.3008,0,2013-01-31 08:44:09,
401,2,10448.3496,0,2013-01-31 08:44:09,
402,1,17041.0000,0,2013-02-01 12:34:44,
403,2,10481.4697,0,2013-02-01 12:34:44,
404,3,838.0000,0,2013-02-01 12:34:44,
405,4,2171.0000,0,2013-02-01 12:34:44,
406,26,11929.5996,0,2013-02-01 12:34:44,
407,28,6801.0000,0,2013-02-01 12:34:44,
408,1,17070.0996,0,2013-02-02 09:03:31,
409,2,10512.1904,0,2013-02-02 09:03:31,
410,1,17104.4004,0,2013-02-03 08:04:48,
411,2,10547.2900,0,2013-02-03 08:04:48,
412,26,11948.5000,0,2013-02-03 08:04:48,
413,28,6811.6001,0,2013-02-03 08:04:48,
414,1,17150.5000,0,2013-02-04 08:42:35,
415,2,10578.9902,0,2013-02-04 08:42:35,
416,1,17178.1992,0,2013-02-05 07:56:32,
417,2,10605.7002,0,2013-02-05 07:56:32,
418,1,17206.5000,0,2013-02-06 11:17:17,
419,2,10642.0498,0,2013-02-06 11:17:17,
420,1,17240.9004,0,2013-02-07 08:16:39,
421,2,10678.2002,0,2013-02-07 08:16:39,
422,1,17314.5996,0,2013-02-08 12:06:44,
423,2,10730.4902,0,2013-02-08 12:06:44,
424,26,11980.2998,0,2013-02-08 12:06:44,
425,28,6820.1001,0,2013-02-08 12:06:44,
426,1,17349.6992,0,2013-02-09 08:45:26,
427,2,10774.5195,0,2013-02-09 08:45:26,
428,1,17486.8008,0,2013-02-11 08:01:06,
429,2,10872.4502,0,2013-02-11 08:01:06,
430,26,12028.2998,0,2013-02-11 08:01:06,
431,28,6848.3999,0,2013-02-11 08:01:06,
432,1,17514.0000,0,2013-02-12 07:55:22,
433,2,10923.9199,0,2013-02-12 07:55:22,
434,1,17536.9004,0,2013-02-13 08:15:55,
435,2,10963.7002,0,2013-02-13 08:15:55,
436,1,17568.5000,0,2013-02-14 08:02:52,
437,2,11011.8096,0,2013-02-14 08:02:52,
438,1,17629.6992,0,2013-02-15 08:12:26,
439,2,11065.5898,0,2013-02-15 08:12:26,
440,1,17662.1992,0,2013-02-16 10:40:17,
441,2,11118.5000,0,2013-02-16 10:40:17,
442,26,12135.7002,0,2013-02-16 10:40:17,
443,28,6886.2002,0,2013-02-16 10:40:17,
444,1,17690.9004,0,2013-02-17 09:36:05,
445,2,11155.9902,0,2013-02-17 09:36:05,
446,1,17728.8008,0,2013-02-18 09:27:28,
447,2,11199.2002,0,2013-02-18 09:27:28,
448,26,12152.5000,0,2013-02-18 09:27:28,
449,28,6890.0000,0,2013-02-18 09:27:28,
450,1,17748.0996,0,2013-02-19 07:33:23,
451,2,11228.9404,0,2013-02-19 07:33:23,
452,1,17780.8008,0,2013-02-20 07:46:35,
453,2,11260.2998,0,2013-02-20 07:46:35,
454,26,12158.7998,0,2013-02-20 07:46:35,
455,28,6891.3999,0,2013-02-20 07:46:35,
456,3,851.0000,0,2013-02-20 07:47:15,
457,1,17805.0996,0,2013-02-21 08:45:09,
458,2,11302.9404,0,2013-02-21 08:45:09,
459,1,17841.3008,0,2013-02-22 10:12:00,
460,2,11349.7002,0,2013-02-22 10:12:00,
461,1,17863.5996,0,2013-02-23 10:01:40,
462,2,11401.4199,0,2013-02-23 10:01:40,
463,1,17913.0000,0,2013-02-24 12:30:18,
464,2,11454.7305,0,2013-02-24 12:30:18,
465,26,12220.7998,0,2013-02-24 12:30:18,
466,28,6916.2998,0,2013-02-24 12:30:18,
467,1,17930.5000,0,2013-02-25 08:25:09,
468,2,11486.2002,0,2013-02-25 08:25:09,
469,1,17953.4004,0,2013-02-26 07:57:22,
470,2,11519.8799,0,2013-02-26 07:57:22,
471,1,17953.4004,0,2013-02-26 20:09:20,
472,2,11519.8799,0,2013-02-26 20:09:20,
473,1,17975.5996,0,2013-02-27 08:56:26,
474,2,11555.1104,0,2013-02-27 08:56:26,
475,1,18004.0996,0,2013-02-28 07:49:31,
476,2,11593.2900,0,2013-02-28 07:49:31,
477,1,18036.0996,0,2013-03-01 08:40:42,
478,2,11634.0996,0,2013-03-01 08:40:42,
479,26,12248.7002,0,2013-03-01 08:40:42,
480,1,18062.0996,0,2013-03-02 08:30:11,
481,2,11678.5801,0,2013-03-02 08:30:11,
482,26,12254.2998,0,2013-03-02 08:30:11,
483,28,6920.2002,0,2013-03-02 08:30:11,
484,1,18087.5996,0,2013-03-03 09:00:28,
485,2,11714.4600,0,2013-03-03 09:00:28,
486,26,12311.2002,0,2013-03-03 09:00:28,
487,28,6961.1001,0,2013-03-03 09:00:28,
488,1,18087.5996,0,2013-03-03 09:00:44,
489,2,11714.4600,0,2013-03-03 09:00:44,
490,3,857.0000,0,2013-03-03 09:00:44,
491,26,12311.2002,0,2013-03-03 09:00:44,
492,28,6961.1001,0,2013-03-03 09:00:44,
493,1,18110.0000,0,2013-03-04 08:50:14,
494,2,11744.5703,0,2013-03-04 08:50:14,
495,1,18124.0996,0,2013-03-05 07:54:26,
496,2,11771.0801,0,2013-03-05 07:54:26,
497,1,18141.0000,0,2013-03-06 07:53:47,
498,2,11797.5596,0,2013-03-06 07:53:47,
499,26,12437.0000,0,2013-03-06 07:53:47,
500,28,7054.7998,0,2013-03-06 07:53:47,
501,1,18158.5996,0,2013-03-07 08:11:42,
502,2,11826.1602,0,2013-03-07 08:11:42,
503,1,18198.1992,0,2013-03-08 07:58:30,
504,2,11853.7695,0,2013-03-08 07:58:30,
505,26,12503.5996,0,2013-03-08 07:58:30,
506,28,7099.7002,0,2013-03-08 07:58:30,
507,1,18244.5996,0,2013-03-09 07:51:51,
508,2,11900.9004,0,2013-03-09 07:51:51,
509,26,12527.4004,0,2013-03-09 07:51:51,
510,28,7111.2998,0,2013-03-09 07:51:51,
511,1,18387.8008,0,2013-03-10 08:12:45,
512,2,11941.4102,0,2013-03-10 08:12:45,
513,1,18358.5996,0,2013-03-11 08:08:44,
514,2,11968.6396,0,2013-03-11 08:08:44,
515,1,18381.1992,0,2013-03-12 07:59:21,
516,2,12005.2500,0,2013-03-12 07:59:21,
517,1,18444.8008,0,2013-03-14 11:14:51,
518,2,12105.5303,0,2013-03-14 11:14:51,
519,26,12589.2002,0,2013-03-14 11:14:51,
520,28,7143.8999,0,2013-03-14 11:14:51,
521,1,18530.6992,0,2013-03-17 07:53:09,
522,2,12241.0996,0,2013-03-17 07:53:09,
523,26,12743.2002,0,2013-03-17 07:53:09,
524,28,7244.8999,0,2013-03-17 07:53:09,
525,1,18619.4004,0,2013-03-18 07:49:24,
526,2,12294.4404,0,2013-03-18 07:49:24,
527,1,18661.0000,0,2013-03-20 08:55:23,
528,2,12350.4297,0,2013-03-20 08:55:23,
529,1,18691.0996,0,2013-03-21 10:50:18,
530,2,12386.3203,0,2013-03-21 10:50:18,
531,1,18723.1992,0,2013-03-22 08:18:45,
913,1,41743.1016,0,2015-08-31 19:53:28,
533,4,2264.6001,0,2013-03-22 08:18:45,
534,26,12807.7002,0,2013-03-22 08:18:45,
535,1,18853.5996,0,2013-03-24 08:58:20,
536,2,12528.2998,0,2013-03-24 08:58:20,
537,26,12896.2002,0,2013-03-24 08:58:20,
538,28,7319.1001,0,2013-03-24 08:58:20,
539,1,18868.4004,0,2013-03-25 07:40:15,
540,2,12565.2998,0,2013-03-25 07:40:15,
541,3,872.0000,0,2013-03-25 07:40:15,
542,26,12958.9004,0,2013-03-25 07:40:15,
543,28,7368.0000,0,2013-03-25 07:40:15,
544,1,18881.0000,0,2013-03-26 06:41:31,
545,2,12602.0400,0,2013-03-26 06:41:31,
546,26,13025.2998,0,2013-03-26 06:41:31,
547,28,7419.7002,0,2013-03-26 06:41:31,
548,1,18897.9004,0,2013-03-27 07:25:11,
549,2,12644.3604,0,2013-03-27 07:25:11,
550,26,13089.0996,0,2013-03-27 07:25:11,
551,28,7471.2002,0,2013-03-27 07:25:11,
552,1,18913.5000,0,2013-03-28 07:03:23,
553,2,12684.7998,0,2013-03-28 07:03:23,
554,26,13145.0996,0,2013-03-28 07:03:23,
555,28,7513.8999,0,2013-03-28 07:03:23,
556,1,18975.1992,0,2013-03-30 07:08:27,
557,2,12764.2402,0,2013-03-30 07:08:27,
558,26,13189.2002,0,2013-03-30 07:08:27,
559,28,7532.0000,0,2013-03-30 07:08:27,
560,1,19015.6992,0,2013-03-31 08:37:11,
561,2,12801.2002,0,2013-03-31 08:37:11,
562,26,13216.0996,0,2013-03-31 08:37:11,
563,28,7541.7998,0,2013-03-31 08:37:11,
564,1,19072.0000,0,2013-04-02 07:32:33,
565,2,12879.4004,0,2013-04-02 07:32:33,
566,26,13308.5000,0,2013-04-02 07:32:33,
567,28,7581.6001,0,2013-04-02 07:32:33,
568,1,19087.5000,0,2013-04-03 07:33:41,
569,2,12909.3799,0,2013-04-03 07:33:41,
570,26,13351.0996,0,2013-04-03 07:33:41,
571,28,7611.6001,0,2013-04-03 07:33:41,
572,1,19109.0996,0,2013-04-04 07:52:07,
573,2,12946.9004,0,2013-04-04 07:52:07,
574,26,13366.7002,0,2013-04-04 07:52:07,
575,28,7617.2002,0,2013-04-04 07:52:07,
576,30,1575.2000,0,2013-04-04 07:52:54,
577,1,19169.6992,0,2013-04-06 09:21:33,
578,2,13025.5400,0,2013-04-06 09:21:33,
579,1,19199.0000,0,2013-04-07 07:41:20,
580,2,13061.2197,0,2013-04-07 07:41:20,
581,1,19221.3008,0,2013-04-08 08:06:21,
582,2,13090.5098,0,2013-04-08 08:06:21,
583,26,13482.0996,0,2013-04-08 08:06:21,
584,28,7683.8999,0,2013-04-08 08:06:21,
585,1,19304.5000,0,2013-04-11 08:43:49,
586,2,13165.6504,0,2013-04-11 08:43:49,
587,26,13570.4004,0,2013-04-11 08:43:49,
588,28,7730.2998,0,2013-04-11 08:43:49,
589,1,19660.4004,0,2013-04-20 08:02:39,
590,2,13304.8096,0,2013-04-20 08:02:39,
591,26,13975.5996,0,2013-04-20 08:02:39,
592,28,7942.3999,0,2013-04-20 08:02:39,
593,1,19754.6992,0,2013-04-24 08:17:07,
594,2,13352.9004,0,2013-04-24 08:17:07,
595,26,14162.4004,0,2013-04-24 08:17:07,
596,28,8040.1001,0,2013-04-24 08:17:07,
597,1,19902.1992,0,2013-04-30 08:00:10,
598,2,13414.1299,0,2013-04-30 08:00:10,
599,26,14433.0996,0,2013-04-30 08:00:10,
600,28,8222.9004,0,2013-04-30 08:00:10,
601,1,19920.6992,0,2013-05-01 08:05:13,
602,2,13424.0098,0,2013-05-01 08:05:13,
603,26,14462.2998,0,2013-05-01 08:05:13,
604,28,8241.0000,0,2013-05-01 08:05:13,
605,1,20061.1992,0,2013-05-05 12:15:48,
606,2,13478.2598,0,2013-05-05 12:15:48,
607,26,14717.9004,0,2013-05-05 12:15:48,
608,28,8298.7002,0,2013-05-05 12:15:48,
609,1,20163.3008,0,2013-05-13 08:07:41,
610,2,13528.0000,0,2013-05-13 08:07:41,
611,26,14975.7998,0,2013-05-13 08:07:41,
612,28,8557.9004,0,2013-05-13 08:07:41,
613,1,20190.0996,0,2013-05-15 06:12:14,
614,2,13546.2402,0,2013-05-15 06:12:14,
615,26,15034.0000,0,2013-05-15 06:12:14,
616,28,8593.2998,0,2013-05-15 06:12:14,
617,30,1884.5000,0,2013-05-15 06:12:14,
618,1,20220.5000,0,2013-05-17 08:17:02,
619,2,13559.4404,0,2013-05-17 08:17:02,
620,26,15117.7998,0,2013-05-17 08:17:02,
621,28,8651.5000,0,2013-05-17 08:17:02,
622,30,1898.8000,0,2013-05-17 08:17:02,
623,1,20268.3008,0,2013-05-21 08:19:51,
624,2,13578.6201,0,2013-05-21 08:19:51,
625,26,15271.7998,0,2013-05-21 08:19:51,
626,28,8770.0996,0,2013-05-21 08:19:51,
627,30,1913.1000,0,2013-05-21 08:19:51,
628,1,20292.5996,0,2013-05-23 07:58:23,
629,2,13600.6797,0,2013-05-23 07:58:23,
630,26,15325.2998,0,2013-05-23 07:58:23,
631,28,8799.2998,0,2013-05-23 07:58:23,
632,30,1925.6000,0,2013-05-23 07:58:23,
633,1,20456.0996,0,2013-05-27 08:44:17,
634,2,13674.5000,0,2013-05-27 08:44:17,
635,26,15451.0996,0,2013-05-27 08:44:17,
636,28,8862.2998,0,2013-05-27 08:44:17,
637,30,1956.0000,0,2013-05-27 08:44:17,
638,1,21510.1992,0,2013-07-10 14:01:35,
639,2,13915.5801,0,2013-07-10 14:01:35,
640,26,17637.9004,0,2013-07-10 14:01:35,
641,28,10185.7002,0,2013-07-10 14:01:35,
642,30,2227.7000,0,2013-07-10 14:01:35,
643,1,21910.6992,0,2013-08-02 09:51:15,
644,2,13975.9004,0,2013-08-02 09:51:15,
645,26,18907.8008,0,2013-08-02 09:51:15,
646,28,11066.2002,0,2013-08-02 09:51:15,
647,30,2379.3999,0,2013-08-02 09:51:15,
648,2,8673.0000,0,2012-12-31 09:08:02,Anbieterwechsel
649,26,19897.0000,0,2013-08-23 10:19:16,
650,28,11835.0000,0,2013-08-23 10:19:16,
651,1,22482.8008,0,2013-09-02 17:31:28,
652,2,14059.0801,0,2013-09-02 17:31:28,
653,26,20289.1992,0,2013-09-02 17:31:28,
654,28,12070.7998,0,2013-09-02 17:31:28,
655,1,22950.6992,0,2013-09-17 19:25:23,
656,2,14125.9902,0,2013-09-17 19:25:23,
657,26,20762.4004,0,2013-09-17 19:25:23,
658,28,12350.0000,0,2013-09-17 19:25:23,
659,30,2705.0000,0,2013-09-17 19:25:23,
660,1,23139.3008,0,2013-09-26 23:00:00,
661,2,14176.1201,0,2013-09-26 23:00:00,
662,26,20965.8008,0,2013-09-26 23:00:00,
663,28,12458.7998,0,2013-09-26 23:00:00,
664,30,2763.3000,0,2013-09-26 23:00:00,
665,1,23263.4004,0,2013-09-29 14:57:10,
666,2,14208.3408,0,2013-09-29 14:57:10,
667,26,21120.5000,0,2013-09-29 14:57:10,
668,28,12543.5996,0,2013-09-29 14:57:10,
669,30,2763.3000,0,2013-09-29 14:57:10,
670,2,14270.1104,0,2013-10-04 17:08:43,
671,26,21390.8008,0,2013-10-04 17:08:43,
672,28,12716.5000,0,2013-10-04 17:08:43,
673,1,24059.9004,0,2013-10-30 16:55:01,
674,2,14565.2998,0,2013-10-30 16:55:01,
675,26,21828.4004,0,2013-10-30 16:55:01,
676,28,12962.5996,0,2013-10-30 16:55:01,
677,1,24111.5996,0,2013-11-01 11:27:19,
678,2,14595.5996,0,2013-11-01 11:27:19,
679,26,21868.0000,0,2013-11-01 11:27:19,
680,28,12991.7002,0,2013-11-01 11:27:19,
681,30,3038.0000,0,2013-11-01 11:27:19,
682,1,24454.4004,0,2013-11-12 09:39:28,
683,2,14832.5996,0,2013-11-12 09:39:28,
684,26,22005.9004,0,2013-11-12 09:39:28,
685,28,13061.2002,0,2013-11-12 09:39:28,
686,1,25295.5996,0,2013-11-28 11:48:00,
687,2,15374.5000,0,2013-11-28 11:48:00,
688,26,22166.5996,0,2013-11-28 11:48:00,
689,28,13121.2002,0,2013-11-28 11:48:00,
690,30,3260.8999,0,2013-11-28 11:48:00,
691,1,26645.0000,0,2013-12-22 13:57:45,
692,2,16206.7197,0,2013-12-22 13:57:45,
693,26,22350.0000,0,2013-12-22 13:57:45,
694,28,13193.4004,0,2013-12-22 13:57:45,
695,30,3456.8000,0,2013-12-22 13:57:45,
696,1,27093.0996,0,2013-12-29 20:52:56,
697,2,16401.6504,0,2013-12-29 20:52:56,
698,26,22401.5996,0,2013-12-29 20:52:56,
699,28,13206.4004,0,2013-12-29 20:52:56,
700,30,3534.8000,0,2013-12-29 20:52:56,
701,1,27488.1992,0,2014-01-07 10:34:31,
702,2,16656.4492,0,2014-01-07 10:34:31,
703,26,22479.0000,0,2014-01-07 10:34:31,
704,28,13231.4004,0,2014-01-07 10:34:31,
705,1,29498.1992,0,2014-03-04 17:56:38,
706,2,18367.8203,0,2014-03-04 17:56:38,
707,26,23409.1992,0,2014-03-04 17:56:38,
708,28,13711.9004,0,2014-03-04 17:56:38,
709,30,4020.6001,0,2014-03-04 17:56:38,
710,1,29694.4004,0,2014-03-11 11:06:33,
711,2,18551.0000,0,2014-03-11 11:06:33,
712,26,23684.0000,0,2014-03-11 11:06:33,
713,28,13874.5996,0,2014-03-11 11:06:33,
714,1,30389.0996,0,2014-04-02 11:04:45,
715,2,18957.3008,0,2014-04-02 11:04:45,
716,26,24565.0000,0,2014-04-02 11:04:45,
717,28,14400.9004,0,2014-04-02 11:04:45,
718,3,1123.0000,0,2014-04-08 10:32:08,
719,1,31464.3008,0,2014-05-05 10:20:29,
720,2,19369.0195,0,2014-05-05 10:20:29,
721,26,25883.4004,0,2014-05-05 10:20:29,
722,28,15097.5000,0,2014-05-05 10:20:29,
723,30,4439.2002,0,2014-05-05 10:20:29,
724,1,32230.0000,0,2014-06-02 08:51:13,
725,2,19631.0293,0,2014-06-02 08:51:13,
726,26,27173.4004,0,2014-06-02 08:51:13,
727,28,15852.7002,0,2014-06-02 08:51:13,
728,30,4612.0000,0,2014-06-02 08:51:13,
729,1,32745.5996,0,2014-06-24 10:24:10,
730,2,19734.6699,0,2014-06-24 10:24:10,
731,26,28310.3008,0,2014-06-24 10:24:10,
732,28,16577.0996,0,2014-06-24 10:24:10,
733,1,32885.5000,0,2014-07-01 01:27:09,
734,2,19766.0996,0,2014-07-01 01:27:09,
735,26,28629.3008,0,2014-07-01 01:27:09,
736,28,16771.6992,0,2014-07-01 01:27:09,
737,1,33326.1016,0,2014-07-18 20:45:23,
738,2,19836.4902,0,2014-07-18 20:45:23,
739,26,29557.8008,0,2014-07-18 20:45:23,
740,28,17385.5996,0,2014-07-18 20:45:23,
741,26,30174.4004,0,2014-07-31 21:54:25,
742,28,17826.6992,0,2014-07-31 21:54:25,
743,1,33636.1992,0,2014-08-11 17:51:34,
744,2,19899.3008,0,2014-08-11 17:51:34,
745,26,30638.4004,0,2014-08-11 17:51:34,
746,28,18184.4004,0,2014-08-11 17:51:34,
747,30,5065.0000,0,2014-08-11 17:51:34,
748,1,33671.3984,0,2014-08-23 13:32:09,
749,2,19908.8008,0,2014-08-23 13:32:09,
750,26,31108.0996,0,2014-08-23 13:32:09,
751,28,18617.4004,0,2014-08-23 13:32:09,
752,1,33683.0000,0,2014-08-25 20:57:53,
753,2,19914.5996,0,2014-08-25 20:57:53,
754,26,31185.9004,0,2014-08-25 20:57:53,
755,28,18685.0000,0,2014-08-25 20:57:53,
756,1,33701.3984,0,2014-08-27 09:26:51,
757,26,31201.0000,0,2014-08-27 09:26:51,
758,28,18691.4004,0,2014-08-27 09:26:51,
759,1,34072.0000,0,2014-09-09 10:35:32,
760,2,19988.0000,0,2014-09-09 10:35:32,
761,26,31670.0000,0,2014-09-09 10:35:32,
762,28,18953.0000,0,2014-09-09 10:35:32,
763,1,34736.8008,0,2014-10-01 11:22:38,
764,2,20103.5996,0,2014-10-01 11:22:38,
765,26,32267.0000,0,2014-10-01 11:22:38,
766,28,19327.0000,0,2014-10-01 11:22:38,
767,30,5321.7002,0,2014-10-01 11:22:38,
768,1,35308.5000,0,2014-10-17 17:18:05,
769,2,20200.6797,0,2014-10-17 17:18:05,
770,26,32714.6992,0,2014-10-17 17:18:05,
771,28,19590.5996,0,2014-10-17 17:18:05,
772,1,35354.6016,0,2014-10-29 20:42:37,
773,2,20280.7598,0,2014-10-29 20:42:37,
774,26,32992.8984,0,2014-10-29 20:42:37,
775,28,19787.1992,0,2014-10-29 20:42:37,
776,4,2280.0000,0,2014-10-31 13:41:52,
777,1,35471.5000,0,2014-10-31 22:12:06,
778,2,20305.8691,0,2014-10-31 22:12:06,
779,26,33014.1016,0,2014-10-31 22:12:06,
780,28,19794.0000,0,2014-10-31 22:12:06,
781,30,5519.5000,0,2014-10-31 22:12:06,
782,1,35690.0000,9,2014-11-10 12:47:06,
783,2,20396.0000,9,2014-11-10 12:47:06,
784,26,33150.0000,9,2014-11-10 12:47:06,
785,28,19878.0000,9,2014-11-10 12:47:06,
786,1,35909.0000,0,2014-11-17 22:22:01,
787,2,20496.5801,0,2014-11-17 22:22:01,
788,26,33210.6016,0,2014-11-17 22:22:01,
789,28,19908.0000,0,2014-11-17 22:22:01,
790,1,36175.8008,0,2014-11-24 14:21:04,
791,2,20626.8906,0,2014-11-24 14:21:04,
792,26,33276.6016,0,2014-11-24 14:21:04,
793,28,19935.6992,0,2014-11-24 14:21:04,
794,1,36850.5000,0,2014-12-08 11:17:09,
795,2,21075.5801,0,2014-12-08 11:17:09,
796,26,33354.1992,0,2014-12-08 11:17:09,
797,28,19960.5996,0,2014-12-08 11:17:09,
798,30,5799.1001,0,2014-12-08 11:17:09,
799,4,2299.0000,0,2015-01-02 11:21:37,
800,1,38029.1992,0,2015-01-06 17:25:41,
801,2,21875.2305,0,2015-01-06 17:25:41,
802,26,33547.8008,0,2015-01-06 17:25:41,
803,28,20048.9004,0,2015-01-06 17:25:41,
804,30,6043.2998,0,2015-01-06 17:25:41,
805,1,38605.5000,0,2015-01-21 20:37:36,
806,2,22313.0000,0,2015-01-21 20:37:36,
807,26,33697.1992,0,2015-01-21 20:37:36,
808,28,20110.8008,0,2015-01-21 20:37:36,
809,1,38642.6016,0,2015-01-22 20:23:33,
810,2,22365.0000,0,2015-01-22 20:23:33,
811,26,33700.5000,0,2015-01-22 20:23:33,
812,28,20111.0000,0,2015-01-22 20:23:33,
813,1,38745.0000,0,2015-01-24 20:39:54,
814,2,22426.6699,0,2015-01-24 20:39:54,
815,26,33706.8984,0,2015-01-24 20:39:54,
816,28,20111.0996,0,2015-01-24 20:39:54,
817,1,38861.3008,0,2015-01-31 09:09:14,
818,2,22595.5996,0,2015-01-31 09:09:14,
819,26,33750.5000,0,2015-01-31 09:09:14,
820,28,20131.8008,0,2015-01-31 09:09:14,
821,1,38930.1992,0,2015-02-01 11:46:25,
822,2,22648.4395,0,2015-02-01 11:46:25,
823,26,33756.3984,0,2015-02-01 11:46:25,
824,28,20132.5996,0,2015-02-01 11:46:25,
825,1,39073.1992,0,2015-02-10 20:08:32,
826,2,22904.4102,0,2015-02-10 20:08:32,
827,26,33962.1992,0,2015-02-10 20:08:32,
828,28,20284.9004,0,2015-02-10 20:08:32,
829,1,39228.8008,0,2015-02-18 14:07:56,
830,2,23139.6992,0,2015-02-18 14:07:56,
831,26,34118.0000,0,2015-02-18 14:07:56,
832,28,20378.0000,0,2015-02-18 14:07:56,
833,1,39389.3008,0,2015-02-22 12:19:51,
834,2,23296.6309,0,2015-02-22 12:19:51,
835,26,34173.3008,0,2015-02-22 12:19:51,
836,28,20403.8008,0,2015-02-22 12:19:51,
837,1,39497.1992,0,2015-03-01 09:53:01,
838,2,23461.7402,0,2015-03-01 09:53:01,
839,26,34335.0000,0,2015-03-01 09:53:01,
840,28,20514.0000,0,2015-03-01 09:53:01,
841,30,6413.2998,0,2015-03-01 09:53:01,
842,1,39597.6016,0,2015-03-09 11:25:35,
843,2,23647.6602,0,2015-03-09 11:25:35,
844,26,34557.5000,0,2015-03-09 11:25:35,
845,28,20669.3008,0,2015-03-09 11:25:35,
846,1,39722.8008,0,2015-03-18 21:13:34,
847,2,23847.4902,0,2015-03-18 21:13:34,
848,26,34894.8984,0,2015-03-18 21:13:34,
849,28,20932.0996,0,2015-03-18 21:13:34,
850,1,39900.1992,0,2015-03-25 13:20:39,
851,2,24008.9492,0,2015-03-25 13:20:39,
852,26,35130.3984,0,2015-03-25 13:20:39,
853,28,21091.3008,0,2015-03-25 13:20:39,
854,1,39986.6016,0,2015-03-31 17:52:21,
855,2,24130.0000,0,2015-03-31 17:52:21,
856,26,35320.8008,0,2015-03-31 17:52:21,
857,28,21235.5996,0,2015-03-31 17:52:21,
858,1,40134.1016,0,2015-04-12 08:53:44,
859,2,24328.3008,0,2015-04-12 08:53:44,
860,26,35887.8984,0,2015-04-12 08:53:44,
861,28,21675.0000,0,2015-04-12 08:53:44,
862,1,40149.3008,0,2015-04-16 09:30:42,
863,2,24361.4004,0,2015-04-16 09:30:42,
864,26,36142.6016,0,2015-04-16 09:30:42,
865,28,21906.5996,0,2015-04-16 09:30:42,
866,1,40219.6016,0,2015-04-20 12:00:32,
867,2,24417.5000,0,2015-04-20 12:00:32,
868,26,36402.0000,0,2015-04-20 12:00:32,
869,28,22069.1992,0,2015-04-20 12:00:32,
870,1,40232.8008,0,2015-04-23 09:17:33,
871,2,24441.4004,0,2015-04-23 09:17:33,
872,26,36556.1016,0,2015-04-23 09:17:33,
873,28,22206.0996,0,2015-04-23 09:17:33,
874,1,40353.5000,0,2015-05-01 20:54:10,
875,2,24522.5996,0,2015-05-01 20:54:10,
876,26,36962.3008,0,2015-05-01 20:54:10,
877,28,22509.6992,0,2015-05-01 20:54:10,
878,1,40744.1016,0,2015-05-19 08:43:30,
879,2,24673.8008,0,2015-05-19 08:43:30,
880,3,1400.0000,0,2015-05-19 08:43:30,
881,26,37908.6016,0,2015-05-19 08:43:30,
882,28,23206.0996,0,2015-05-19 08:43:30,
883,30,6914.8999,0,2015-05-19 08:43:30,
884,1,40887.3984,0,2015-06-01 08:43:06,
885,2,24774.0000,0,2015-06-01 08:43:06,
886,3,1408.0000,0,2015-06-01 08:43:06,
887,26,38471.6016,0,2015-06-01 08:43:06,
888,28,23608.6992,0,2015-06-01 08:43:06,
889,1,41003.1016,0,2015-06-14 19:15:59,
890,2,24816.4004,0,2015-06-14 19:15:59,
891,26,39212.6992,0,2015-06-14 19:15:59,
892,28,24238.6992,0,2015-06-14 19:15:59,
893,1,41317.3008,0,2015-07-08 19:06:21,
894,2,24878.3008,0,2015-07-08 19:06:21,
895,26,40440.3008,0,2015-07-08 19:06:21,
896,28,25177.4004,0,2015-07-08 19:06:21,
897,1,41582.6992,0,2015-08-01 21:00:12,
898,2,24951.6992,0,2015-08-01 21:00:12,
899,26,41577.6992,0,2015-08-01 21:00:12,
900,28,26052.5000,0,2015-08-01 21:00:12,
901,4,2367.0000,0,2015-08-05 09:42:58,
902,1,41702.8008,0,2015-08-15 14:29:31,
903,2,24987.0000,0,2015-08-15 14:29:31,
904,26,42324.3984,0,2015-08-15 14:29:31,
905,28,26665.4004,0,2015-08-15 14:29:31,
906,30,7399.1001,0,2015-08-15 14:29:31,
907,1,41738.8984,0,2015-08-29 18:31:42,
908,2,24998.4004,0,2015-08-29 18:31:42,
909,26,42869.5000,0,2015-08-29 18:31:42,
910,28,27176.9004,0,2015-08-29 18:31:42,
911,1,37922.0000,0,2014-12-31 00:00:00,
912,2,21727.0000,0,2015-01-01 00:00:00,
914,2,25002.5000,0,2015-08-31 19:53:28,
915,26,42991.8984,0,2015-08-31 19:53:28,
916,28,27290.5996,0,2015-08-31 19:53:28,
917,1,41832.5000,0,2015-09-13 20:17:08,
918,2,25034.9004,0,2015-09-13 20:17:08,
919,26,43451.1016,0,2015-09-13 20:17:08,
920,28,27691.9004,0,2015-09-13 20:17:08,
921,26,43728.1016,0,2015-09-25 07:56:18,
922,2,25064.8008,0,2015-09-25 07:56:18,
923,1,41879.8008,0,2015-09-25 07:56:18,
924,28,27934.8008,0,2015-09-25 07:56:18,
925,1,41913.1992,0,2015-10-01 09:12:41,
926,2,25086.5996,0,2015-10-01 09:12:41,
927,26,43999.3008,0,2015-10-01 09:12:41,
928,28,28171.8008,0,2015-10-01 09:12:41,
929,1,42000.6016,0,2015-10-05 19:50:05,
930,2,25107.5996,0,2015-10-05 19:50:05,
931,26,44218.1992,0,2015-10-05 19:50:05,
932,28,28356.8008,0,2015-10-05 19:50:05,
933,1,42106.3984,0,2015-10-12 20:03:17,
934,2,25146.9004,0,2015-10-12 20:03:17,
935,26,44405.3008,0,2015-10-12 20:03:17,
936,28,28468.9004,0,2015-10-12 20:03:17,
937,1,42324.5000,0,2015-11-01 09:14:41,
938,2,25319.9004,0,2015-11-01 09:14:41,
939,26,44681.6016,0,2015-11-01 09:14:41,
940,28,28649.1992,0,2015-11-01 09:14:41,
941,30,7854.6001,0,2015-11-01 09:14:41,
942,1,42345.1016,0,2015-11-03 19:18:14,
943,26,44771.3008,0,2015-11-03 19:18:14,
944,28,28721.3008,0,2015-11-03 19:18:14,
945,26,44800.8984,0,2015-11-05 08:44:52,
946,28,28747.4004,0,2015-11-05 08:44:52,
947,26,44837.6992,0,2015-11-05 18:43:14,
948,28,28781.8008,0,2015-11-05 18:43:14,
949,1,42302.5000,0,2015-11-11 15:05:10,
950,2,25391.9004,0,2015-11-11 15:05:10,
951,26,44928.6992,0,2015-11-11 15:05:10,
952,28,28850.6992,0,2015-11-11 15:05:10,
953,1,42636.8984,0,2015-11-24 10:19:16,
954,2,25513.0996,0,2015-11-24 10:19:16,
955,3,57.0000,0,2015-11-24 10:19:16,
956,26,45022.3984,0,2015-11-24 10:19:16,
957,28,28902.8008,0,2015-11-24 10:19:16,
958,1,42805.8008,0,2015-12-01 15:56:20,
959,2,25649.0996,0,2015-12-01 15:56:20,
960,26,45075.1992,0,2015-12-01 15:56:20,
961,28,28931.6992,0,2015-12-01 15:56:20,
962,1,43068.6992,0,2015-12-11 11:55:58,
963,2,25786.8809,0,2015-12-11 11:55:58,
964,26,45184.5000,0,2015-12-11 11:55:58,
965,28,28992.8008,0,2015-12-11 11:55:58,
966,1,43631.1992,0,2015-12-31 11:19:17,
967,2,26021.8008,0,2015-12-31 11:19:17,
968,3,80.0000,0,2015-12-31 11:19:17,
969,26,45346.6992,0,2015-12-31 11:19:17,
970,28,29075.8008,0,2015-12-31 11:19:17,
971,30,8257.0000,0,2015-12-31 16:55:12,
972,1,44165.3984,0,2016-01-22 11:55:23,
973,2,26410.4004,0,2016-01-22 11:55:23,
974,26,45500.6992,0,2016-01-22 11:55:23,
975,28,29143.6992,0,2016-01-22 11:55:23,
976,30,8417.9004,0,2016-01-22 11:55:23,
977,1,44189.5000,0,2016-01-23 10:05:10,
978,2,26432.5996,0,2016-01-23 10:05:10,
979,26,45521.1016,0,2016-01-23 10:05:10,
980,28,29154.6992,0,2016-01-23 10:05:10,
981,1,45122.3984,0,2016-02-29 22:49:54,
982,2,27108.3496,0,2016-02-29 22:49:54,
983,26,46054.6992,0,2016-02-29 22:49:54,
984,28,29420.0996,0,2016-02-29 22:49:54,
985,30,8672.0996,0,2016-02-29 22:49:54,
986,1,45623.3984,0,2016-03-30 12:27:16,
987,2,27554.5195,0,2016-03-30 12:27:16,
988,26,46807.6992,0,2016-03-30 12:27:16,
989,28,29933.0996,0,2016-03-30 12:27:16,
990,1,46085.6016,0,2016-05-02 11:54:22,
991,2,27848.8008,0,2016-05-02 11:54:22,
992,26,48262.6016,0,2016-05-02 11:54:22,
993,28,31024.8008,0,2016-05-02 11:54:22,
994,4,2421.0000,0,2016-05-14 09:59:04,
995,1,46491.8008,0,2016-05-31 20:45:10,
996,2,27987.0000,0,2016-05-31 20:45:10,
997,26,49771.1992,0,2016-05-31 20:45:10,
998,28,32134.3008,0,2016-05-31 20:45:10,
999,1,46833.6992,0,2016-07-01 08:10:52,
1000,2,28064.6895,0,2016-07-01 08:10:52,
1001,26,51185.5000,0,2016-07-01 08:10:52,
1002,28,33171.8984,0,2016-07-01 08:10:52,
1003,30,9312.9004,0,2016-07-01 08:10:52,
1004,3,210.0000,0,2016-07-08 12:06:09,
1005,1,47217.0000,0,2016-08-26 11:47:28,
1006,2,28171.9004,0,2016-08-26 11:47:28,
1007,3,231.0000,0,2016-08-26 11:47:28,
1008,26,53703.3984,0,2016-08-26 11:47:28,
1009,28,35275.8008,0,2016-08-26 11:47:28,
1010,1,47248.8008,0,2016-09-01 09:19:08,
1011,2,28183.8008,0,2016-09-01 09:19:08,
1012,26,54013.5000,0,2016-09-01 09:19:08,
1013,28,35557.6992,0,2016-09-01 09:19:08,
1014,1,47324.6016,0,2016-09-11 17:16:25,
1015,2,28205.8008,0,2016-09-11 17:16:25,
1016,26,54538.1016,0,2016-09-11 17:16:25,
1017,28,36012.6992,0,2016-09-11 17:16:25,
1018,1,47670.3984,0,2016-10-02 11:40:53,
1019,2,28263.0000,0,2016-10-02 11:40:53,
1020,26,55294.1016,0,2016-10-02 11:40:53,
1021,28,36481.0000,0,2016-10-02 11:40:53,
1022,26,55617.8984,0,2016-10-17 11:11:01,
1023,28,36799.6992,0,2016-10-17 11:11:01,
1024,3,260.0000,0,2016-10-21 09:52:13,
1025,4,2450.0000,0,2016-10-21 09:52:13,
1026,1,48139.3008,0,2016-10-29 19:03:15,
1027,2,28419.0996,0,2016-10-29 19:03:15,
1028,26,55805.6016,0,2016-10-29 19:03:15,
1029,28,36927.8984,0,2016-10-29 19:03:15,
1030,26,55842.8008,0,2016-11-01 12:02:28,
1031,28,36947.8008,0,2016-11-01 12:02:28,
1032,1,48220.3008,0,2016-11-02 14:21:21,
1033,2,28452.8008,0,2016-11-02 14:21:21,
1034,26,55866.8984,0,2016-11-02 14:21:21,
1035,28,36964.5000,0,2016-11-02 14:21:21,
1036,1,48707.1992,0,2016-11-25 19:01:11,
1037,2,28767.0996,0,2016-11-25 19:01:11,
1038,26,56098.6016,0,2016-11-25 19:01:11,
1039,28,37079.1992,0,2016-11-25 19:01:11,
1040,1,48878.1016,0,2016-11-30 19:47:42,
1041,2,28864.1992,0,2016-11-30 19:47:42,
1042,26,56198.3008,0,2016-11-30 19:47:42,
1043,28,37141.3008,0,2016-11-30 19:47:42,
1044,30,10041.0996,0,2016-11-30 19:47:42,
1045,1,48878.1016,0,2016-11-30 19:47:47,
1046,2,28864.1992,0,2016-11-30 19:47:47,
1047,26,56198.3008,0,2016-11-30 19:47:47,
1048,28,37141.3008,0,2016-11-30 19:47:47,
1049,30,10041.0996,0,2016-11-30 19:47:47,
1050,1,49674.0000,0,2016-12-23 13:59:06,
1051,2,29316.3008,0,2016-12-23 13:59:06,
1052,26,56354.6016,0,2016-12-23 13:59:06,
1053,28,37209.6016,0,2016-12-23 13:59:06,
1054,1,49920.3984,0,2017-01-02 12:01:06,
1055,2,29483.5000,0,2017-01-02 12:01:06,
1056,26,56438.1016,0,2017-01-02 12:01:06,
1057,28,37250.6016,0,2017-01-02 12:01:06,
1058,1,50450.6992,0,2017-02-02 13:47:29,
1059,2,30115.5996,0,2017-02-02 13:47:29,
1060,26,56856.5000,0,2017-02-02 13:47:29,
1061,28,37529.1016,0,2017-02-02 13:47:29,
1062,1,50836.3008,0,2017-03-01 14:31:06,
1063,2,30518.4004,0,2017-03-01 14:31:06,
1064,26,57353.1992,0,2017-03-01 14:31:06,
1065,28,37868.8984,0,2017-03-01 14:31:06,
1066,1,51183.8008,0,2017-03-22 13:47:35,
1067,2,30797.5996,0,2017-03-22 13:47:35,
1068,26,57923.5117,0,2017-03-22 13:47:35,
1069,28,38271.1992,0,2017-03-22 13:47:35,
1070,1,51290.0000,0,2017-04-01 09:09:46,
1071,2,30883.0000,0,2017-04-01 09:09:46,
1072,26,58418.6016,0,2017-04-01 09:09:46,
1073,28,38685.8984,0,2017-04-01 09:09:46,
1074,1,51689.6992,0,2017-04-30 19:15:10,
1075,2,31117.8008,0,2017-04-30 19:15:10,
1076,26,59633.1016,0,2017-04-30 19:15:10,
1077,28,39566.3984,0,2017-04-30 19:15:10,
1078,1,52013.1992,0,2017-05-30 17:32:02,
1079,2,31241.0000,0,2017-05-30 17:32:02,
1080,26,61089.3008,0,2017-05-30 17:32:02,
1081,28,40707.8008,0,2017-05-30 17:32:02,
1082,26,61136.6992,0,2017-05-31 20:55:50,
1083,28,40742.6016,0,2017-05-31 20:55:50,
1084,1,52456.5000,0,2017-07-03 08:35:20,
1085,2,31332.1992,0,2017-07-03 08:35:20,
1086,26,62626.3008,0,2017-07-03 08:35:20,
1087,28,41787.6016,0,2017-07-03 08:35:20,
1088,1,52657.1992,0,2017-07-22 14:13:11,
1089,2,31379.5508,0,2017-07-22 14:13:11,
1090,26,63520.5000,0,2017-07-22 14:13:11,
1091,28,42489.6016,0,2017-07-22 14:13:11,
1092,1,52720.0000,0,2017-08-02 18:28:47,
1093,2,31384.0000,0,2017-08-02 18:28:47,
1094,26,63913.0000,0,2017-08-02 18:28:47,
1095,28,42815.0000,0,2017-08-02 18:28:47,
1096,1,52978.6016,0,2017-09-01 08:30:50,
1097,2,31466.3008,0,2017-09-01 08:30:50,
1098,26,65162.0000,0,2017-09-01 08:30:50,
1099,28,43835.0000,0,2017-09-01 08:30:50,
1100,1,53483.0000,0,2017-10-08 17:34:00,
1101,2,31578.0000,0,2017-10-08 17:34:00,
1102,3,436.0000,0,2017-10-08 17:34:00,
1103,4,2491.0000,0,2017-10-08 17:34:00,
1104,26,66309.0000,0,2017-10-08 17:34:00,
1105,28,44661.0000,0,2017-10-08 17:34:00,
1106,1,53953.0000,0,2017-11-02 10:54:33,
1107,2,31727.0000,0,2017-11-02 10:54:33,
1108,26,66858.0000,0,2017-11-02 10:54:33,
1109,28,45042.0000,0,2017-11-02 10:54:33,
1110,1,54916.0000,0,2017-12-18 17:36:43,
1111,2,32312.0000,0,2017-12-18 17:36:43,
1112,26,67116.0000,0,2017-12-18 17:36:43,
1113,28,45156.0000,0,2017-12-18 17:36:43,
1114,1,56530.0000,0,2018-03-24 18:22:48,
1115,2,33808.0000,0,2018-03-24 18:22:48,
1116,26,68713.0000,0,2018-03-24 18:22:48,
1117,28,46268.0000,0,2018-03-24 18:22:48,
1118,30,12521.0000,0,2018-03-24 18:22:48,
1119,1,56999.0000,0,2018-04-30 17:34:44,
1120,2,34030.0000,0,2018-04-30 17:34:44,
1121,26,70440.0000,0,2018-04-30 17:34:44,
1122,28,47585.0000,0,2018-04-30 17:34:44,
1123,1,57629.0000,0,2018-06-30 23:50:51,
1124,2,34197.0000,0,2018-06-30 23:50:51,
1125,26,73649.0000,0,2018-06-30 23:50:51,
1126,28,50089.0000,0,2018-06-30 23:50:51,
1127,1,57899.0000,0,2018-08-03 20:38:07,
1128,2,34273.0000,0,2018-08-03 20:38:07,
1129,26,75536.0000,0,2018-08-03 20:38:07,
1130,28,51675.0000,0,2018-08-03 20:38:07,
1131,1,57956.0000,0,2018-08-15 19:37:27,
1132,2,34295.0000,0,2018-08-15 19:37:27,
1133,26,76134.0000,0,2018-08-15 19:37:27,
1134,28,52195.0000,0,2018-08-15 19:37:27,
1135,1,58119.0000,0,2018-09-01 16:58:58,
1136,2,34332.0000,0,2018-09-01 16:58:58,
1137,26,76948.0000,0,2018-09-01 16:58:58,
1138,28,52867.0000,0,2018-09-01 16:58:58,
1139,1,58253.0000,0,2018-09-15 19:19:09,
1140,2,34364.0000,0,2018-09-15 19:19:09,
1141,26,77464.0000,0,2018-09-15 19:19:09,
1142,28,53273.0000,0,2018-09-15 19:19:09,
1143,1,58365.0000,0,2018-09-25 16:42:53,
1144,2,34387.0000,0,2018-09-25 16:42:53,
1145,26,77844.0000,0,2018-09-25 16:42:53,
1146,28,53589.0000,0,2018-09-25 16:42:53,
1147,1,58424.0000,0,2018-09-30 18:51:53,
1148,2,34413.0000,0,2018-09-30 18:51:53,
1149,3,634.0000,0,2018-09-30 18:51:53,
1150,26,78079.0000,0,2018-09-30 18:51:53,
1151,28,53769.0000,0,2018-09-30 18:51:53,
1152,1,58501.0000,0,2018-10-14 18:31:59,
1153,2,34470.0000,0,2018-10-14 18:31:59,
1154,26,78601.0000,0,2018-10-14 18:31:59,
1155,28,54236.0000,0,2018-10-14 18:31:59,
1156,1,58641.0000,0,2018-10-31 16:34:35,
1157,2,34583.0000,0,2018-10-31 16:34:35,
1158,26,78882.0000,0,2018-10-31 16:34:35,
1159,28,54466.0000,0,2018-10-31 16:34:35,
1160,2,34632.0000,0,2018-11-07 09:26:44,
1161,2,52.0000,0,2018-11-14 07:29:22,
1162,1,58792.0000,0,2018-11-14 07:31:07,
1163,26,79112.0000,0,2018-11-14 07:31:07,
1164,28,54645.0000,0,2018-11-14 07:31:07,
1165,30,13660.0000,0,2018-11-14 07:31:07,
1166,1,59053.0000,0,2018-11-30 15:12:54,
1167,2,263.0000,0,2018-11-30 15:12:54,
1168,26,79275.0000,0,2018-11-30 15:12:54,
1169,28,54744.0000,0,2018-11-30 15:12:54,
1170,1,59516.0000,0,2018-12-16 15:13:21,
1171,2,544.0000,0,2018-12-16 15:13:21,
1172,3,683.0000,0,2018-12-16 15:13:21,
1173,4,2562.0000,0,2018-12-16 15:13:21,
1174,26,79369.0000,0,2018-12-16 15:13:21,
1175,28,54795.0000,0,2018-12-16 15:13:21,
1176,30,13847.0000,0,2018-12-16 15:13:21,
1177,1,59806.0000,0,2019-01-06 19:28:08,
1178,2,845.0000,0,2019-01-06 19:28:08,
1179,26,79459.0000,0,2019-01-06 19:28:08,
1180,28,54848.0000,0,2019-01-06 19:28:08,
1181,1,59921.0000,0,2019-01-19 15:04:45,
1182,2,1015.0000,0,2019-01-19 15:04:45,
1183,26,79573.0000,0,2019-01-19 15:04:45,
1184,28,54936.0000,0,2019-01-19 15:04:45,
1185,30,14020.0000,0,2019-01-19 15:04:45,
1186,1,60019.0000,0,2019-01-31 20:23:30,
1187,2,1264.0000,0,2019-01-31 20:23:30,
1188,26,79729.0000,0,2019-01-31 20:23:30,
1189,28,55063.0000,0,2019-01-31 20:23:30,
1190,30,14081.0000,0,2019-01-31 20:23:30,
1191,1,60271.0000,0,2019-02-25 15:20:25,
1192,2,1614.0000,0,2019-02-25 15:20:25,
1193,3,709.0000,0,2019-02-25 15:20:25,
1194,4,2569.0000,0,2019-02-25 15:20:25,
1195,26,80337.0000,0,2019-02-25 15:20:25,
1196,28,55557.0000,0,2019-02-25 15:20:25,
1197,1,60340.0000,0,2019-03-02 19:40:40,
1198,2,1688.0000,0,2019-03-02 19:40:40,
1199,26,80504.0000,0,2019-03-02 19:40:40,
1200,28,55696.0000,0,2019-03-02 19:40:40,
1201,1,60558.0000,0,2019-03-31 20:11:44,
1202,2,1977.0000,0,2019-03-31 20:11:44,
1203,26,81427.0000,0,2019-03-31 20:11:44,
1204,28,56476.0000,0,2019-03-31 20:11:44,
1205,30,14386.0000,0,2019-03-31 20:11:44,
1206,1,60794.0000,0,2019-04-30 17:36:30,
1207,2,2175.0000,0,2019-04-30 17:36:30,
1208,26,82846.0000,0,2019-04-30 17:36:30,
1209,28,576637.0000,0,2019-04-30 17:36:30,
1210,30,14530.0000,0,2019-04-30 17:36:30,
1211,1,61082.0000,0,2019-06-01 06:07:02,
1212,2,2344.0000,0,2019-06-01 06:07:02,
1213,26,84208.0000,0,2019-06-01 06:07:02,
1214,28,58711.0000,0,2019-06-01 06:07:02,
1215,1,61369.0000,0,2019-06-30 21:03:17,
1216,2,2418.0000,0,2019-06-30 21:03:17,
1217,26,85915.0000,0,2019-06-30 21:03:17,
1218,28,60105.0000,0,2019-06-30 21:03:17,
1219,1,61849.0000,0,2019-07-26 12:16:00,
1220,2,2468.0000,0,2019-07-26 12:16:00,
1221,26,87075.0000,0,2019-07-26 12:16:00,
1222,28,61127.0000,0,2019-07-26 12:16:00,
1223,1,61526.0000,0,2019-08-08 10:10:40,
1224,2,2477.0000,0,2019-08-08 10:10:40,
1225,26,87647.0000,0,2019-08-08 10:10:40,
1226,28,61659.0000,0,2019-08-08 10:10:40,
1227,1,61701.0000,0,2019-08-31 20:15:47,
1228,2,2527.0000,0,2019-08-31 20:15:47,
1229,3,782.0000,0,2019-08-31 20:15:47,
1230,26,88750.0000,0,2019-08-31 20:15:47,
1231,28,62614.0000,0,2019-08-31 20:15:47,
1232,1,61917.0000,0,2019-09-22 19:14:56,
1233,2,2585.0000,0,2019-09-22 19:14:56,
1234,26,89652.0000,0,2019-09-22 19:14:56,
1235,28,63344.0000,0,2019-09-22 19:14:56,
1236,1,62013.0000,0,2019-10-03 10:26:09,
1237,2,2621.0000,0,2019-10-03 10:26:09,
1238,26,89889.0000,0,2019-10-03 10:26:09,
1239,28,63527.0000,0,2019-10-03 10:26:09,
1240,1,62171.0000,0,2019-11-01 07:49:35,
1241,2,2760.0000,0,2019-11-01 07:49:35,
1242,26,90534.0000,0,2019-11-01 07:49:35,
1243,28,64091.0000,0,2019-11-01 07:49:35,
1244,30,15361.0000,0,2019-11-01 07:49:35,
1245,1,62226.0000,0,2019-11-03 14:13:10,
1246,2,2795.0000,0,2019-11-03 14:13:10,
1247,26,90563.0000,0,2019-11-03 14:13:10,
1248,28,64105.0000,0,2019-11-03 14:13:10,
1249,1,62694.0000,0,2019-11-30 20:05:20,
1250,2,3131.0000,0,2019-11-30 20:05:20,
1251,26,90810.0000,0,2019-11-30 20:05:20,
1252,28,64259.0000,0,2019-11-30 20:05:20,
1253,30,15513.0000,0,2019-11-30 20:06:40,
1254,1,62889.0000,0,2019-12-08 19:30:58,
1255,2,3282.0000,0,2019-12-08 19:30:58,
1256,26,90874.0000,0,2019-12-08 19:30:58,
1257,28,64298.0000,0,2019-12-08 19:30:58,
1258,30,15553.0000,0,2019-12-08 19:30:58,
1259,1,63055.0000,0,2019-12-17 07:25:10,
1260,2,3409.0000,0,2019-12-17 07:25:10,
1261,26,90930.0000,0,2019-12-17 07:25:10,
1262,28,64325.0000,0,2019-12-17 07:25:10,
1263,2,3573.0000,0,2019-12-31 16:21:22,
1264,1,63193.0000,0,2020-01-02 09:28:54,
1265,2,3601.0000,0,2020-01-02 09:28:54,
1266,3,835.0000,0,2020-01-02 09:28:54,
1267,26,91137.0000,0,2020-01-02 09:28:54,
1268,28,64493.0000,0,2020-01-02 09:28:54,
1269,30,15700.0000,0,2020-01-02 09:28:54,
1270,1,63227.0000,0,2020-01-04 11:19:20,
1271,2,3657.0000,0,2020-01-04 11:19:20,
1272,26,91140.0000,0,2020-01-04 11:19:20,
1273,28,64493.0000,0,2020-01-04 11:19:20,
1274,1,63255.0000,0,2020-01-08 09:15:56,
1275,2,3712.0000,0,2020-01-08 09:15:56,
1276,26,91159.0000,0,2020-01-08 09:15:56,
1277,28,64506.0000,0,2020-01-08 09:15:56,
1278,1,63547.0000,0,2020-02-07 17:38:49,
1279,2,4115.0000,0,2020-02-07 17:38:49,
1280,26,91454.0000,0,2020-02-07 17:38:49,
1281,28,64727.0000,0,2020-02-07 17:38:49,
1282,1,63547.0000,0,2020-02-07 17:38:52,
1283,2,4115.0000,0,2020-02-07 17:38:52,
1284,26,91454.0000,0,2020-02-07 17:38:52,
1285,28,64727.0000,0,2020-02-07 17:38:52,
1286,1,63690.0000,0,2020-03-01 11:11:47,
1287,2,4405.0000,0,2020-03-01 11:11:47,
1288,3,857.0000,0,2020-03-01 11:11:47,
1289,26,91861.0000,0,2020-03-01 11:11:47,
1290,28,65062.0000,0,2020-03-01 11:11:47,
1291,30,16003.0000,0,2020-03-01 11:11:47,
1292,1,63880.0000,0,2020-04-01 08:51:41,
1293,2,4771.0000,0,2020-04-01 08:51:41,
1294,26,93029.0000,0,2020-04-01 08:51:41,
1295,28,66060.0000,0,2020-04-01 08:51:41,
1296,30,16165.0000,0,2020-04-01 08:51:41,
1297,1,63989.0000,0,2020-05-02 12:27:52,
1298,2,4949.0000,0,2020-05-02 12:27:52,
1299,26,94799.0000,0,2020-05-02 12:27:52,
1300,28,67703.0000,0,2020-05-02 12:27:52,
1301,1,64077.0000,0,2020-06-02 14:22:11,
1302,2,5056.0000,0,2020-06-02 14:22:11,
1303,26,96412.0000,0,2020-06-02 14:22:11,
1304,28,69179.0000,0,2020-06-02 14:22:11,
1305,30,16518.0000,0,2020-06-02 14:22:11,
1306,1,64180.0000,0,2020-07-01 14:43:25,
1307,2,5117.0000,0,2020-07-01 14:43:25,
1308,26,97657.0000,0,2020-07-01 14:43:25,
1309,28,70265.0000,0,2020-07-01 14:43:25,
1310,1,64281.0000,0,2020-08-02 08:11:25,
1311,2,5179.0000,0,2020-08-02 08:11:25,
1312,26,99102.0000,0,2020-08-02 08:11:25,
1313,28,71568.0000,0,2020-08-02 08:11:25,
1314,1,64431.0000,0,2020-09-05 19:27:19,
1315,2,5227.0000,0,2020-09-05 19:27:19,
1316,26,100422.0000,0,2020-09-05 19:27:19,
1317,28,72748.0000,0,2020-09-05 19:27:19,
1318,30,17004.0000,0,2020-09-05 19:27:19,
1319,1,64663.0000,0,2020-10-01 09:42:31,
1320,2,5309.0000,0,2020-10-01 09:42:31,
1321,3,930.0000,0,2020-10-01 09:42:31,
1322,26,101477.0000,0,2020-10-01 09:42:31,
1323,28,73594.0000,0,2020-10-01 09:42:31,
1324,30,17143.0000,0,2020-10-01 09:42:31,
1325,1,64881.0000,0,2020-11-01 09:34:41,
1326,2,5464.0000,0,2020-11-01 09:34:41,
1327,3,941.0000,0,2020-11-01 09:34:41,
1328,26,101982.0000,0,2020-11-01 09:34:41,
1329,28,73993.0000,0,2020-11-01 09:34:41,
1330,30,17317.0000,0,2020-11-01 09:34:41,
1331,1,65486.0000,0,2020-12-07 08:35:32,
1332,2,5867.0000,0,2020-12-07 08:35:32,
1333,3,957.0000,0,2020-12-07 08:35:32,
1334,26,102355.0000,0,2020-12-07 08:35:32,
1335,28,74256.0000,0,2020-12-07 08:35:32,
1336,30,17526.0000,0,2020-12-07 08:35:32,
1337,1,65964.0000,0,2021-01-11 14:33:18,
1338,2,6345.0000,0,2021-01-11 14:33:18,
1339,26,102544.0000,0,2021-01-11 14:33:18,
1340,28,74366.0000,0,2021-01-11 14:33:18,
1341,30,17730.0000,0,2021-01-11 14:33:18,
1342,1,66331.0000,0,2021-03-01 14:42:43,
1343,2,7210.0000,0,2021-03-01 14:42:43,
1344,26,103148.0000,0,2021-03-01 14:42:43,
1345,28,74871.0000,0,2021-03-01 14:42:43,
1346,1,66516.0000,0,2021-04-01 19:51:52,
1347,2,7582.0000,0,2021-04-01 19:51:52,
1348,26,104239.0000,0,2021-04-01 19:51:52,
1349,28,75818.0000,0,2021-04-01 19:51:52,
1350,30,18177.0000,0,2021-04-01 19:51:52,
1351,1,66677.0000,0,2021-05-02 10:06:02,
1352,2,7860.0000,0,2021-05-02 10:06:02,
1353,26,105517.0000,0,2021-05-02 10:06:02,
1354,28,76949.0000,0,2021-05-02 10:06:02,
1355,30,18332.0000,0,2021-05-02 10:06:02,
1356,1,66787.0000,0,2021-06-04 15:01:32,
1357,2,8019.0000,0,2021-06-04 15:01:32,
1358,26,106937.0000,0,2021-06-04 15:01:32,
1359,28,78198.0000,0,2021-06-04 15:01:32,
1360,1,67179.0000,0,2021-08-01 15:24:04,
1361,2,8152.0000,0,2021-08-01 15:24:04,
1362,26,109513.0000,0,2021-08-01 15:24:04,
1363,28,80347.0000,0,2021-08-01 15:24:04,
1364,30,18802.0000,0,2021-08-01 15:24:04,
1365,1,67230.0000,0,2021-08-21 13:30:59,
1366,2,8170.0000,0,2021-08-21 13:30:59,
1367,26,110259.0000,0,2021-08-21 13:30:59,
1368,28,81037.0000,0,2021-08-21 13:30:59,
1369,1,67280.0000,0,2021-09-04 11:47:26,
1370,2,8199.0000,0,2021-09-04 11:47:26,
1371,26,110725.0000,0,2021-09-04 11:47:26,
1372,28,81460.0000,0,2021-09-04 11:47:26,
1373,1,67443.0000,0,2021-10-01 08:06:41,
1374,2,8263.0000,0,2021-10-01 08:06:41,
1375,3,1043.0000,0,2021-10-01 08:06:41,
1376,26,111686.0000,0,2021-10-01 08:06:41,
1377,28,82289.0000,0,2021-10-01 08:06:41,
1378,30,19082.0000,0,2021-10-01 08:06:41,
1379,1,67493.0000,0,2021-10-09 14:37:20,
1380,2,8296.0000,0,2021-10-09 14:37:20,
1381,26,111906.3984,0,2021-10-09 14:37:20,
1382,28,82475.0000,0,2021-10-09 14:37:20,
1383,1,67622.0000,0,2021-10-29 08:53:49,
1384,2,8425.0000,0,2021-10-29 08:53:49,
1385,3,1050.0000,0,2021-10-29 08:53:49,
1386,26,112323.0000,0,2021-10-29 08:53:49,
1387,28,82826.0000,0,2021-10-29 08:53:49,
1388,30,19222.0000,0,2021-10-29 08:53:49,
1389,1,67766.0000,0,2021-11-08 12:49:35,
1390,2,8517.0000,0,2021-11-08 12:49:35,
1391,26,112457.0000,0,2021-11-08 12:49:35,
1392,28,82909.0000,0,2021-11-08 12:49:35,
1393,1,67775.0000,0,2021-11-10 13:48:37,
1394,2,8534.0000,0,2021-11-10 13:48:37,
1395,26,112513.0000,0,2021-11-10 13:48:37,
1396,28,82960.0000,0,2021-11-10 13:48:37,
1397,30,19290.0000,0,2021-11-10 13:48:37,
1398,1,68197.0000,0,2021-12-06 08:48:37,
1399,2,8873.0000,0,2021-12-06 08:48:37,
1400,26,112654.0000,0,2021-12-06 08:48:37,
1401,28,83039.0000,0,2021-12-06 08:48:37,
1402,1,68430.0000,0,2021-12-20 16:46:10,
1403,2,9075.0000,0,2021-12-20 16:46:10,
1404,26,112757.0000,0,2021-12-20 16:46:10,
1405,28,83102.0000,0,2021-12-20 16:46:10,
1406,30,19538.0000,0,2021-12-20 16:46:10,
1407,1,68653.0000,0,2022-01-23 10:30:43,
1408,2,9534.0000,0,2022-01-23 10:30:43,
1409,26,112924.0000,0,2022-01-23 10:30:43,
1410,28,83213.0000,0,2022-01-23 10:30:43,
1411,30,19721.0000,0,2022-01-23 10:30:43,
1412,1,68983.0000,0,2022-03-11 14:49:42,
1413,2,10189.0000,0,2022-03-11 14:49:42,
1414,26,113995.0000,0,2022-03-11 14:49:42,
1415,28,84144.0000,0,2022-03-11 14:49:42,
1416,30,19954.0000,0,2022-03-11 14:49:42,
1417,1,69123.0000,0,2022-04-01 17:07:27,
1418,2,10397.0000,0,2022-04-01 17:07:27,
1419,26,114941.0000,0,2022-04-01 17:07:27,
1420,28,84880.0000,0,2022-04-01 17:07:27,
1421,30,20044.0000,0,2022-04-01 17:07:27,
1422,1,60170.0000,0,2022-04-11 19:53:42,
1423,2,10510.0000,0,2022-04-11 19:53:42,
1424,26,115161.0000,0,2022-04-11 19:53:42,
1425,28,85162.0000,0,2022-04-11 19:53:42,
1426,30,20092.0000,0,2022-04-11 19:53:42,
1427,3,1102.0000,0,2022-04-30 09:30:14,
1428,1,69250.0000,0,2022-05-03 19:17:31,
1429,2,10623.0000,0,2022-05-03 19:17:31,
1430,26,116184.0000,0,2022-05-03 19:17:31,
1431,28,86103.0000,0,2022-05-03 19:17:31,
1432,30,20182.0000,0,2022-05-03 19:17:31,
1433,1,69389.0000,0,2022-05-31 17:51:35,
1434,2,10699.0000,0,2022-05-31 17:51:35,
1435,26,117619.0000,0,2022-05-31 17:51:35,
1436,28,87346.0000,0,2022-05-31 17:51:35,
1437,30,20315.0000,0,2022-05-31 17:51:35,
1438,1,69470.0000,0,2022-06-09 17:04:36,
1439,2,10726.0000,0,2022-06-09 17:04:36,
1440,26,118019.0000,0,2022-06-09 17:04:36,
1441,28,87673.0000,0,2022-06-09 17:04:36,
1442,1,69549.0000,0,2022-07-01 15:16:43,
1443,2,10771.0000,0,2022-07-01 15:16:43,
1444,4,20.0000,0,2022-07-01 15:16:43,
1445,26,109235.0000,0,2022-07-01 15:16:43,
1446,28,88781.0000,0,2022-07-01 15:16:43,
1447,30,20476.0000,0,2022-07-01 15:16:43,
1448,1,69695.0000,0,2022-08-02 20:58:29,
1449,2,10833.0000,0,2022-08-02 20:58:29,
1450,4,29.0000,0,2022-08-02 20:58:29,
1451,26,120779.0000,0,2022-08-02 20:58:29,
1452,28,90140.0000,0,2022-08-02 20:58:29,
1453,30,20637.0000,0,2022-08-02 20:58:29,
1454,1,69750.0000,0,2022-08-23 10:58:07,
1455,2,10868.0000,0,2022-08-23 10:58:07,
1456,26,121770.0000,0,2022-08-23 10:58:07,
1457,28,91070.0000,0,2022-08-23 10:58:07,
1458,1,69775.0000,0,2022-09-02 16:04:54,
1459,2,10871.0000,0,2022-09-02 16:04:54,
1460,26,122231.0000,0,2022-09-02 16:04:54,
1461,28,91508.0000,0,2022-09-02 16:04:54,
1462,30,20736.0000,0,2022-09-02 16:04:54,
1463,3,36.0000,0,2022-09-09 14:27:09,
1464,1,69794.0000,0,2022-09-09 14:28:51,
1465,2,10883.0000,0,2022-09-09 14:28:51,
1466,26,122510.0000,0,2022-09-09 14:28:51,
1467,28,91768.0000,0,2022-09-09 14:28:51,
1468,30,20770.0000,0,2022-09-09 14:28:51,
1469,1,69839.0000,0,2022-09-11 19:46:05,Wochenende Veranstaltung
1470,2,10890.0000,0,2022-09-11 19:46:05,
1471,26,122580.0000,0,2022-09-11 19:46:05,
1472,28,91816.0000,0,2022-09-11 19:46:05,
1473,30,20788.0000,0,2022-09-11 19:46:05,
1474,1,69841.0000,0,2022-09-12 18:43:17,
1475,2,10891.0000,0,2022-09-12 18:43:17,
1476,26,122622.0000,0,2022-09-12 18:43:17,
1477,28,91856.0000,0,2022-09-12 18:43:17,
1478,30,20792.0000,0,2022-09-12 18:43:17,
1479,1,69844.0000,0,2022-09-13 17:51:49,Duschtag
1480,2,10893.0000,0,2022-09-13 17:51:49,
1481,26,122655.0000,0,2022-09-13 17:51:49,
1482,28,91888.0000,0,2022-09-13 17:51:49,
1483,30,20796.0000,0,2022-09-13 17:51:49,
1484,1,69848.0000,0,2022-09-14 22:02:52,
1485,2,10895.0000,0,2022-09-14 22:02:52,
1486,26,122661.0000,0,2022-09-14 22:02:52,
1487,28,91892.0000,0,2022-09-14 22:02:52,
1488,30,20803.0000,0,2022-09-14 22:02:52,
1489,1,69850.0000,0,2022-09-15 19:42:49,
1490,2,10897.0000,0,2022-09-15 19:42:49,
1491,26,122683.0000,0,2022-09-15 19:42:49,
1492,28,91912.0000,0,2022-09-15 19:42:49,
1493,1,69855.0000,0,2022-09-17 10:06:26,
1494,2,10900.0000,0,2022-09-17 10:06:26,
1495,26,122732.0000,0,2022-09-17 10:06:26,
1496,28,91957.0000,0,2022-09-17 10:06:26,
1497,30,20814.0000,0,2022-09-17 10:06:26,
1498,1,69869.0000,0,2022-09-18 19:29:24,
1499,2,10902.0000,0,2022-09-18 19:29:24,
1500,26,122771.0000,0,2022-09-18 19:29:24,
1501,28,91987.0000,0,2022-09-18 19:29:24,
1502,30,20825.0000,0,2022-09-18 19:29:24,
1503,1,69872.0000,0,2022-09-19 21:30:30,
1504,2,10905.0000,0,2022-09-19 21:30:30,
1505,26,122801.0000,0,2022-09-19 21:30:30,
1506,28,92015.0000,0,2022-09-19 21:30:30,
1507,30,20830.0000,0,2022-09-19 21:30:30,
1508,2,10906.0000,0,2022-09-20 19:23:12,
1509,1,69876.0000,0,2022-09-21 18:27:46,
1516,1,69906.0000,0,2022-09-26 20:24:39,
1511,26,122878.0000,0,2022-09-21 18:27:46,
1512,28,92088.0000,0,2022-09-21 18:27:46,
1513,30,20840.0000,0,2022-09-21 18:27:46,
1514,2,10908.0000,0,2022-09-22 17:18:51,
1515,2,10909.0000,0,2022-09-23 07:09:17,
1517,2,10912.0000,0,2022-09-26 20:24:39,
1518,26,123033.0000,0,2022-09-26 20:24:39,
1519,28,92223.0000,0,2022-09-26 20:24:39,
1520,30,20872.0000,0,2022-09-26 20:24:39,
1521,2,10917.0000,0,2022-09-29 19:11:37,
1522,1,69920.0000,0,2022-09-30 20:39:17,
1523,2,10918.0000,0,2022-09-30 20:39:17,
1524,26,123156.0000,0,2022-09-30 20:39:17,
1525,28,92334.0000,0,2022-09-30 20:39:17,
1526,30,20901.0000,0,2022-09-30 20:39:17,
1527,2,10921.0000,0,2022-10-01 19:24:52,
1528,2,10924.5996,0,2022-10-02 19:42:22,
1529,1,69957.0000,0,2022-10-08 11:28:09,
1530,2,10939.0000,0,2022-10-08 11:28:09,
1531,26,123389.0000,0,2022-10-08 11:28:09,
1532,28,92544.0000,0,2022-10-08 11:28:09,
1533,1,69990.0000,0,2022-10-15 17:38:54,
1534,2,10960.0000,0,2022-10-15 17:38:54,
1535,26,123618.0000,0,2022-10-15 17:38:54,
1536,28,92751.0000,0,2022-10-15 17:38:54,
1537,1,70031.0000,0,2022-10-23 19:14:12,
1538,2,10976.0000,0,2022-10-23 19:14:12,
1539,26,1237953.0000,0,2022-10-23 19:14:12,
1540,28,92905.0000,0,2022-10-23 19:14:12,
1541,30,21024.0000,0,2022-10-23 19:14:12,
1542,1,70031.0000,0,2022-10-23 19:14:13,
1543,2,10976.0000,0,2022-10-23 19:14:13,
1544,26,1237953.0000,0,2022-10-23 19:14:13,
1545,28,92905.0000,0,2022-10-23 19:14:13,
1546,30,21024.0000,0,2022-10-23 19:14:13,
1547,1,70065.0000,0,2022-10-29 08:59:01,
1548,2,10992.0000,0,2022-10-29 08:59:01,
1549,26,123911.0000,0,2022-10-29 08:59:01,
1550,28,93003.0000,0,2022-10-29 08:59:01,
1551,1,70114.0000,0,2022-10-31 17:29:47,
1552,2,11002.0000,0,2022-10-31 17:29:47,
1553,26,123980.0000,0,2022-10-31 17:29:47,
1554,28,93045.0000,0,2022-10-31 17:29:47,
1555,1,70141.0000,0,2022-11-06 10:02:47,
1556,2,11020.0000,0,2022-11-06 10:02:47,
1557,26,124072.0000,0,2022-11-06 10:02:47,
1558,28,93125.0000,0,2022-11-06 10:02:47,
1559,30,21096.0000,0,2022-11-06 10:02:47,
1560,1,70187.0000,0,2022-11-12 15:53:23,
1561,2,11056.0000,0,2022-11-12 15:53:23,
1562,26,124242.0000,0,2022-11-12 15:53:23,
1563,28,93268.0000,0,2022-11-12 15:53:23,
1564,1,70209.0000,0,2022-11-16 16:53:31,
1565,2,11083.0000,0,2022-11-16 16:53:31,
1566,26,124203.0000,0,2022-11-16 16:53:31,
1567,28,93337.0000,0,2022-11-16 16:53:31,
1568,1,70283.0000,0,2022-11-20 09:44:11,
1569,2,11133.0000,0,2022-11-20 09:44:11,
1570,26,124348.0000,0,2022-11-20 09:44:11,
1571,28,93348.0000,0,2022-11-20 09:44:11,
1572,30,21190.0000,0,2022-11-20 09:44:11,
1573,1,70335.0000,0,2022-11-26 19:29:27,
1574,2,11203.0000,0,2022-11-26 19:29:27,
1575,26,124429.0000,0,2022-11-26 19:29:27,
1576,28,93405.0000,0,2022-11-26 19:29:27,
1577,30,21238.0000,0,2022-11-26 19:29:27,
1578,1,70448.0000,0,2022-12-06 14:01:01,
1579,2,11323.0000,0,2022-12-06 14:01:01,
1580,26,124449.0000,0,2022-12-06 14:01:01,
1581,28,93409.0000,0,2022-12-06 14:01:01,
1582,30,21298.0000,0,2022-12-06 14:01:01,
1583,1,70621.0000,0,2022-12-13 17:28:47,
1584,2,11451.0000,0,2022-12-13 17:28:47,
1585,26,124465.0000,0,2022-12-13 17:28:47,
1586,28,93416.0000,0,2022-12-13 17:28:47,
1587,30,21350.0000,0,2022-12-13 17:28:47,
1588,1,70658.0000,0,2022-12-17 11:24:48,
1589,2,11537.0000,0,2022-12-17 11:24:48,
1590,26,124480.0000,0,2022-12-17 11:24:48,
1591,28,93425.0000,0,2022-12-17 11:24:48,
1592,2,11603.0000,0,2022-12-19 16:51:32,
1593,1,70825.0000,0,2022-12-27 13:32:40,
1594,2,11649.0000,0,2022-12-27 13:32:40,
1595,26,124540.0000,0,2022-12-27 13:32:40,
1596,28,93456.0000,0,2022-12-27 13:32:40,
1597,30,21439.0000,0,2022-12-27 13:32:40,
1598,1,70856.0000,0,2022-12-31 18:52:51,
1599,2,11701.0000,0,2022-12-31 18:52:51,
1600,26,124562.0000,0,2022-12-31 18:52:51,
1601,28,93467.0000,0,2022-12-31 18:52:51,
1602,30,21466.0000,0,2022-12-31 18:52:51,
1603,1,70923.0000,0,2023-01-10 18:49:00,
1604,2,11782.0000,0,2023-01-10 18:49:00,
1605,26,124613.0000,0,2023-01-10 18:49:00,
1606,28,93502.0000,0,2023-01-10 18:49:00,
1607,30,21534.0000,0,2023-01-10 18:49:00,
1608,1,70973.0000,0,2023-01-18 17:01:55,
1609,2,11875.0000,0,2023-01-18 17:01:55,
1610,26,124677.0000,0,2023-01-18 17:01:55,
1611,28,93547.0000,0,2023-01-18 17:01:55,
1612,30,32586.0000,0,2023-01-18 17:01:55,
1613,1,71033.0000,0,2023-01-27 14:50:15,
1614,2,12024.0000,0,2023-01-27 14:50:15,
1615,26,124715.0000,0,2023-01-27 14:50:15,
1616,28,93566.0000,0,2023-01-27 14:50:15,
1617,1,71092.0000,0,2023-02-05 07:42:30,
1618,2,12153.0000,0,2023-02-05 07:42:30,
1619,26,124776.0000,0,2023-02-05 07:42:30,
1620,28,93610.0000,0,2023-02-05 07:42:30,
1621,30,21706.0000,0,2023-02-05 07:42:30,
1622,1,71139.0000,0,2023-02-08 06:40:10,
1623,2,12192.0000,0,2023-02-08 06:40:10,
1624,26,124850.0000,0,2023-02-08 06:40:10,
1625,28,93673.0000,0,2023-02-08 06:40:10,
1626,30,21727.0000,0,2023-02-08 06:40:10,
1627,1,71158.0000,0,2023-02-11 09:05:07,
1628,2,12239.0000,0,2023-02-11 09:05:07,
1629,26,124962.0000,0,2023-02-11 09:05:07,
1630,28,93754.0000,0,2023-02-11 09:05:07,
1631,2,12260.0000,0,2023-02-12 12:30:17,
1632,1,71208.0000,0,2023-02-16 16:56:20,
1633,2,12303.0000,0,2023-02-16 16:56:20,
1634,3,83.0000,0,2023-02-16 16:56:20,
1635,26,125070.0000,0,2023-02-16 16:56:20,
1636,28,93844.0000,0,2023-02-16 16:56:20,
1637,1,71277.0000,0,2023-02-27 16:51:36,
1638,2,12401.0000,0,2023-02-27 16:51:36,
1639,26,125238.0000,0,2023-02-27 16:51:36,
1640,28,93976.0000,0,2023-02-27 16:51:36,
